<?xml version="1.0" encoding="utf-8"?>
<Options xmlns:xsi="http://www.w3.org/2001/XMLSchema-instance" xmlns:xsd="http://www.w3.org/2001/XMLSchema">
  <lastImageDataBaseCheckings>
    <LastImageDataBaseChecking>
      <reducedImageSize>32</reducedImageSize>
      <dateTime>2021-03-23T18:40:59.5162413+08:00</dateTime>
    </LastImageDataBaseChecking>
    <LastImageDataBaseChecking>
      <reducedImageSize>128</reducedImageSize>
      <dateTime>2021-04-23T00:55:23.0027879+08:00</dateTime>
    </LastImageDataBaseChecking>
  </lastImageDataBaseCheckings>
  <onePath>false</onePath>
  <checkingForUpdates>true</checkingForUpdates>
  <useImageDataBase>true</useImageDataBase>
  <mainFormOptions>
    <width>660</width>
    <height>520</height>
    <maximized>true</maximized>
    <toolStripView>true</toolStripView>
    <statusStripView>true</statusStripView>
  </mainFormOptions>
  <resultsOptions>
    <columnOptionsVertical>
      <ColumnOptions>
        <visible>true</visible>
        <width>35</width>
        <order>0</order>
      </ColumnOptions>
      <ColumnOptions>
        <visible>true</visible>
        <width>40</width>
        <order>1</order>
      </ColumnOptions>
      <ColumnOptions>
        <visible>true</visible>
        <width>40</width>
        <order>2</order>
      </ColumnOptions>
      <ColumnOptions>
        <visible>false</visible>
        <width>25</width>
        <order>3</order>
      </ColumnOptions>
      <ColumnOptions>
        <visible>true</visible>
        <width>35</width>
        <order>4</order>
      </ColumnOptions>
      <ColumnOptions>
        <visible>true</visible>
        <width>61</width>
        <order>5</order>
      </ColumnOptions>
      <ColumnOptions>
        <visible>true</visible>
        <width>160</width>
        <order>6</order>
      </ColumnOptions>
      <ColumnOptions>
        <visible>true</visible>
        <width>230</width>
        <order>7</order>
      </ColumnOptions>
      <ColumnOptions>
        <visible>true</visible>
        <width>103</width>
        <order>8</order>
      </ColumnOptions>
      <ColumnOptions>
        <visible>true</visible>
        <width>80</width>
        <order>9</order>
      </ColumnOptions>
      <ColumnOptions>
        <visible>true</visible>
        <width>101</width>
        <order>10</order>
      </ColumnOptions>
      <ColumnOptions>
        <visible>false</visible>
        <width>115</width>
        <order>11</order>
      </ColumnOptions>
    </columnOptionsVertical>
    <columnOptionsHorizontal>
      <ColumnOptions>
        <visible>true</visible>
        <width>35</width>
        <order>0</order>
      </ColumnOptions>
      <ColumnOptions>
        <visible>true</visible>
        <width>40</width>
        <order>1</order>
      </ColumnOptions>
      <ColumnOptions>
        <visible>true</visible>
        <width>40</width>
        <order>2</order>
      </ColumnOptions>
      <ColumnOptions>
        <visible>false</visible>
        <width>25</width>
        <order>3</order>
      </ColumnOptions>
      <ColumnOptions>
        <visible>true</visible>
        <width>35</width>
        <order>4</order>
      </ColumnOptions>
      <ColumnOptions>
        <visible>true</visible>
        <width>30</width>
        <order>5</order>
      </ColumnOptions>
      <ColumnOptions>
        <visible>false</visible>
        <width>0</width>
        <order>0</order>
      </ColumnOptions>
      <ColumnOptions>
        <visible>true</visible>
        <width>230</width>
        <order>7</order>
      </ColumnOptions>
      <ColumnOptions>
        <visible>true</visible>
        <width>70</width>
        <order>8</order>
      </ColumnOptions>
      <ColumnOptions>
        <visible>true</visible>
        <width>40</width>
        <order>9</order>
      </ColumnOptions>
      <ColumnOptions>
        <visible>true</visible>
        <width>55</width>
        <order>10</order>
      </ColumnOptions>
      <ColumnOptions>
        <visible>false</visible>
        <width>115</width>
        <order>11</order>
      </ColumnOptions>
      <ColumnOptions>
        <visible>false</visible>
        <width>0</width>
        <order>0</order>
      </ColumnOptions>
      <ColumnOptions>
        <visible>true</visible>
        <width>230</width>
        <order>12</order>
      </ColumnOptions>
      <ColumnOptions>
        <visible>true</visible>
        <width>70</width>
        <order>13</order>
      </ColumnOptions>
      <ColumnOptions>
        <visible>true</visible>
        <width>40</width>
        <order>14</order>
      </ColumnOptions>
      <ColumnOptions>
        <visible>true</visible>
        <width>55</width>
        <order>15</order>
      </ColumnOptions>
      <ColumnOptions>
        <visible>false</visible>
        <width>115</width>
        <order>16</order>
      </ColumnOptions>
    </columnOptionsHorizontal>
    <sortTypeDefault>32</sortTypeDefault>
    <increasingDefault>true</increasingDefault>
    <resultsFileName>O:\Documents\Tencent Files\272629724\FileRecv\AntiDupl.NET图片查重-2.2.4.528\Results.adr</resultsFileName>
    <splitterDistanceVerticalMaximized>260</splitterDistanceVerticalMaximized>
    <splitterDistanceVerticalNormal>260</splitterDistanceVerticalNormal>
    <splitterDistanceHorizontalMaximized>200</splitterDistanceHorizontalMaximized>
    <splitterDistanceHorizontalNormal>200</splitterDistanceHorizontalNormal>
    <orientation>Vertical</orientation>
    <StretchSmallImages>false</StretchSmallImages>
    <ProportionalImageSize>true</ProportionalImageSize>
  </resultsOptions>
  <hotKeyOptions>
    <keys>
      <Keys>NumPad1</Keys>
      <Keys>NumPad1</Keys>
      <Keys>NumPad2</Keys>
      <Keys>NumPad3</Keys>
      <Keys>NumPad4</Keys>
      <Keys>NumPad6</Keys>
      <Keys>NumPad5</Keys>
    </keys>
  </hotKeyOptions>
  <coreOptions>
    <searchOptions>
      <subFolders>true</subFolders>
      <system>false</system>
      <hidden>false</hidden>
      <JPEG>true</JPEG>
      <BMP>true</BMP>
      <GIF>true</GIF>
      <PNG>true</PNG>
      <TIFF>true</TIFF>
      <EMF>true</EMF>
      <WMF>true</WMF>
      <EXIF>true</EXIF>
      <ICON>true</ICON>
      <JP2>true</JP2>
      <PSD>true</PSD>
    </searchOptions>
    <checkOptions>
      <checkOnDefect>true</checkOnDefect>
      <checkOnEquality>true</checkOnEquality>
      <transformedImage>true</transformedImage>
      <sizeControl>false</sizeControl>
      <typeControl>false</typeControl>
      <ratioControl>true</ratioControl>
      <thresholdDifference>5</thresholdDifference>
      <minimalImageSize>64</minimalImageSize>
      <compareInsideOneFolder>true</compareInsideOneFolder>
    </checkOptions>
    <advancedOptions>
      <deleteToRecycleBin>true</deleteToRecycleBin>
      <mistakeDataBase>true</mistakeDataBase>
      <ratioResolution>32</ratioResolution>
      <compareThreadCount>0</compareThreadCount>
      <collectThreadCount>0</collectThreadCount>
      <reducedImageSize>128</reducedImageSize>
      <undoQueueSize>10</undoQueueSize>
      <resultCountMax>100000</resultCountMax>
      <ignoreFrameWidth>0</ignoreFrameWidth>
    </advancedOptions>
    <searchPath>
      <string>O:\Documents\Tencent Files\272629724\FileRecv\AntiDupl.NET图片查重-2.2.4.528</string>
    </searchPath>
    <ignorePath />
    <validPath />
    <deletePath />
  </coreOptions>
  <Language>Simplified Chinese</Language>
</Options>