<?xml version="1.0" encoding="utf-8"?>
<Strings xmlns:xsi="http://www.w3.org/2001/XMLSchema-instance" xmlns:xsd="http://www.w3.org/2001/XMLSchema">
  <Name>Belarusian</Name>
  <OriginalLanguageName>Беларуская</OriginalLanguageName>
  <OkButton_Text>OK</OkButton_Text>
  <CancelButton_Text>Адмена</CancelButton_Text>
  <StopButton_Text>Стоп</StopButton_Text>
  <SetDefaultButton_Text>Па змаўчанні</SetDefaultButton_Text>
  <ErrorMessage_FileAlreadyExists>Немагчыма перайменаваць файл, так як файл з такой назвай ужо існуе!</ErrorMessage_FileAlreadyExists>
  <WarningMessage_ChangeFileExtension>Вы сапраўды жадаеце змяніць пашырэнне файла?</WarningMessage_ChangeFileExtension>
  <AboutProgramPanel_ShellVersionLabel_Text>Версія абалонкі - </AboutProgramPanel_ShellVersionLabel_Text>
  <AboutProgramPanel_CoreVersionLabel_Text>Версія ядра - </AboutProgramPanel_CoreVersionLabel_Text>
  <AboutProgramPanel_TimeLabel_Text>2002-2012</AboutProgramPanel_TimeLabel_Text>
  <AboutProgramPanel_PlaceLabel_Text>Мінск, Беларусь</AboutProgramPanel_PlaceLabel_Text>
  <AboutProgramPanel_AuthorLabel_Text>Ермалаеў Ігар</AboutProgramPanel_AuthorLabel_Text>
  <AboutProgramForm_Text>Аб праграме...</AboutProgramForm_Text>
  <StartFinishForm_LoadImages_Text>Загрузка файла малюнкаў</StartFinishForm_LoadImages_Text>
  <StartFinishForm_LoadMistakes_Text>Загрузка файла памылак</StartFinishForm_LoadMistakes_Text>
  <StartFinishForm_LoadResults_Text>Загрузка файла вынікаў</StartFinishForm_LoadResults_Text>
  <StartFinishForm_SaveImages_Text>Захаванне файла малюнкаў</StartFinishForm_SaveImages_Text>
  <StartFinishForm_SaveMistakes_Text>Захаванне файла памылак</StartFinishForm_SaveMistakes_Text>
  <StartFinishForm_SaveResults_Text>Захаванне файла вынікаў</StartFinishForm_SaveResults_Text>
  <StartFinishForm_ClearTemporary_Text>Выдаленне часовых файлаў</StartFinishForm_ClearTemporary_Text>
  <CoreOptionsForm_Text>Опцыі</CoreOptionsForm_Text>
  <CoreOptionsForm_SearchTabPage_Text>Пошук</CoreOptionsForm_SearchTabPage_Text>
  <CoreOptionsForm_SearchFileTypeGroupBox_Text>Шукаць тыпы:</CoreOptionsForm_SearchFileTypeGroupBox_Text>
  <CoreOptionsForm_BmpCheckBox_Text>BMP</CoreOptionsForm_BmpCheckBox_Text>
  <CoreOptionsForm_GifCheckBox_Text>GIF</CoreOptionsForm_GifCheckBox_Text>
  <CoreOptionsForm_JpegCheckBox_Text>JPEG</CoreOptionsForm_JpegCheckBox_Text>
  <CoreOptionsForm_PngCheckBox_Text>PNG</CoreOptionsForm_PngCheckBox_Text>
  <CoreOptionsForm_TiffCheckBox_Text>TIFF</CoreOptionsForm_TiffCheckBox_Text>
  <CoreOptionsForm_EmfCheckBox_Text>EMF</CoreOptionsForm_EmfCheckBox_Text>
  <CoreOptionsForm_WmfCheckBox_Text>WMF</CoreOptionsForm_WmfCheckBox_Text>
  <CoreOptionsForm_ExifCheckBox_Text>EXIF</CoreOptionsForm_ExifCheckBox_Text>
  <CoreOptionsForm_IconCheckBox_Text>ICON</CoreOptionsForm_IconCheckBox_Text>
  <CoreOptionsForm_Jp2CheckBox_Text>JP2</CoreOptionsForm_Jp2CheckBox_Text>
  <CoreOptionsForm_PsdCheckBox_Text>PSD</CoreOptionsForm_PsdCheckBox_Text>
  <CoreOptionsForm_SearchSystemCheckBox_Text>Шукаць сістэмныя каталогі/файлы</CoreOptionsForm_SearchSystemCheckBox_Text>
  <CoreOptionsForm_SearchHiddenCheckBox_Text>Шукаць схаваныя каталогі/файлы</CoreOptionsForm_SearchHiddenCheckBox_Text>
  <CoreOptionsForm_SearchSubFoldersCheckBox_Text>Шукаць у падкаталогах</CoreOptionsForm_SearchSubFoldersCheckBox_Text>
  <CoreOptionsForm_CheckTabPage_Text>Праверка</CoreOptionsForm_CheckTabPage_Text>
  <CoreOptionsForm_CheckOnDefectCheckBox_Text>Правяраць на дэфекты</CoreOptionsForm_CheckOnDefectCheckBox_Text>
  <CoreOptionsForm_CheckOnEqualityCheckBox_Text>Шукаць дублюючыя малюнкі</CoreOptionsForm_CheckOnEqualityCheckBox_Text>
  <CoreOptionsForm_TransformedImageCheckBox_Text>Шукаць павярнуцца і люстраныя дублікаты</CoreOptionsForm_TransformedImageCheckBox_Text>
  <CoreOptionsForm_SizeControlCheckBox_Text>Улічваць памер малюнкаў</CoreOptionsForm_SizeControlCheckBox_Text>
  <CoreOptionsForm_TypeControlCheckBox_Text>Улічваць тып малюнкаў</CoreOptionsForm_TypeControlCheckBox_Text>
  <CoreOptionsForm_RatioControlCheckBox_Text>Улічваць суадносіны шырыні/вышыні малюнкаў</CoreOptionsForm_RatioControlCheckBox_Text>
  <CoreOptionsForm_ThresholdDifferenceLabeledComboBox_Text>Парогавая рознасць</CoreOptionsForm_ThresholdDifferenceLabeledComboBox_Text>
  <CoreOptionsForm_MinimalImageSizeLabeledIntegerEdit_Text>Мінімальная шырыня/вышыня малюнкаў</CoreOptionsForm_MinimalImageSizeLabeledIntegerEdit_Text>
  <CoreOptionsForm_CompareInsideOneFolderCheckBox_Text>Параўноўваць малюнкі з аднаго шляху адзін з адным</CoreOptionsForm_CompareInsideOneFolderCheckBox_Text>
  <CoreOptionsForm_AdvancedTabPage_Text>Дадатковыя</CoreOptionsForm_AdvancedTabPage_Text>
  <CoreOptionsForm_DeleteToRecycleBinCheckBox_Text>Выдаляць у кошык</CoreOptionsForm_DeleteToRecycleBinCheckBox_Text>
  <CoreOptionsForm_MistakeDataBaseCheckBox_Text>Запамінаць ілжывыя спрацоўвання</CoreOptionsForm_MistakeDataBaseCheckBox_Text>
  <CoreOptionsForm_RatioResolutionLabeledComboBox_Text>Дакладнасць суадносін шырыні/вышыні малюнкаў</CoreOptionsForm_RatioResolutionLabeledComboBox_Text>
  <CoreOptionsForm_CompareThreadCountLabeledComboBox_Text>Колькасць патокаў параўнання</CoreOptionsForm_CompareThreadCountLabeledComboBox_Text>
  <CoreOptionsForm_CompareThreadCountLabeledComboBox_Description_0>Аўто</CoreOptionsForm_CompareThreadCountLabeledComboBox_Description_0>
  <CoreOptionsForm_CollectThreadCountLabeledComboBox_Text>Колькасць патокаў загрузкі</CoreOptionsForm_CollectThreadCountLabeledComboBox_Text>
  <CoreOptionsForm_CollectThreadCountLabeledComboBox_Description_0>Аўто</CoreOptionsForm_CollectThreadCountLabeledComboBox_Description_0>
  <CoreOptionsForm_ReducedImageSizeLabeledComboBox_Text>Атнарміраваны памер малюнкаў</CoreOptionsForm_ReducedImageSizeLabeledComboBox_Text>
  <CoreOptionsForm_UndoQueueSizeLabeledIntegerEdit_Text>Памер чарзы адмены</CoreOptionsForm_UndoQueueSizeLabeledIntegerEdit_Text>
  <CoreOptionsForm_ResultCountMaxLabeledIntegerEdit_Text>Найвялікая колькасць вынікаў</CoreOptionsForm_ResultCountMaxLabeledIntegerEdit_Text>
  <CoreOptionsForm_IgnoreFrameWidthLabeledComboBox_Text>Шырыня ігнаруемай рамкі малюнка</CoreOptionsForm_IgnoreFrameWidthLabeledComboBox_Text>
  <CorePathsForm_Text>Шляхі</CorePathsForm_Text>
  <CorePathsForm_SearchTabPage_Text>Шукаць</CorePathsForm_SearchTabPage_Text>
  <CorePathsForm_IgnoreTabPage_Text>Прапускаць</CorePathsForm_IgnoreTabPage_Text>
  <CorePathsForm_ValidTabPage_Text>Праверана</CorePathsForm_ValidTabPage_Text>
  <CorePathsForm_DeleteTabPage_Text>Выдаляць</CorePathsForm_DeleteTabPage_Text>
  <CorePathsForm_AddFolderButton_Text>Дадаць каталог</CorePathsForm_AddFolderButton_Text>
  <CorePathsForm_AddFilesButton_Text>Дадаць файлы</CorePathsForm_AddFilesButton_Text>
  <CorePathsForm_ChangeButton_Text>Змяніць</CorePathsForm_ChangeButton_Text>
  <CorePathsForm_RemoveButton_Text>Прыбраць</CorePathsForm_RemoveButton_Text>
  <ProgressUtils_Completed>Завершана {0}%</ProgressUtils_Completed>
  <ProgressUtils_5HoursRemaining>Засталося {0} гадзін</ProgressUtils_5HoursRemaining>
  <ProgressUtils_2HoursRemaining>Засталося {0} гадзіны</ProgressUtils_2HoursRemaining>
  <ProgressUtils_5MinutesRemaining>Засталося {0} хвілін</ProgressUtils_5MinutesRemaining>
  <ProgressUtils_2MinutesRemaining>Засталося {0} хвіліны</ProgressUtils_2MinutesRemaining>
  <ProgressUtils_5SecondsRemaining>Засталося {0} секунд</ProgressUtils_5SecondsRemaining>
  <ProgressForm_DeleteDefect>Выдаленне сапсаваных малюнкаў у выдзеленых выніках</ProgressForm_DeleteDefect>
  <ProgressForm_DeleteFirst>Выдаленне першага малюнка ў выдзеленых выніках</ProgressForm_DeleteFirst>
  <ProgressForm_DeleteSecond>Выдаленне другога малюнка ў выдзеленых выніках</ProgressForm_DeleteSecond>
  <ProgressForm_DeleteBoth>Выдаленне ўсіх парных малюнаў у выдзеленых выніках</ProgressForm_DeleteBoth>
  <ProgressForm_PerformHint>Аўтаматычная апрацоўка выдзеленых вынікаў</ProgressForm_PerformHint>
  <ProgressForm_Mistake>Пазнака выдзеленых вынікаў як памылковых</ProgressForm_Mistake>
  <ProgressForm_RenameCurrent>Перайменаванне/перамяшчэнне малюнкаў</ProgressForm_RenameCurrent>
  <ProgressForm_Refresh>Абнаўленне вынікаў</ProgressForm_Refresh>
  <ProgressForm_Undo>Адмена дзеянні</ProgressForm_Undo>
  <ProgressForm_Redo>Паўтор дзеянні</ProgressForm_Redo>
  <SearchExecuterForm_Result>Апрацоўка вынікаў</SearchExecuterForm_Result>
  <SearchExecuterForm_Search>Пошук</SearchExecuterForm_Search>
  <SearchExecuterForm_Stopped>Прыпынак пошуку</SearchExecuterForm_Stopped>
  <SearchExecuterForm_MinimizeToSystrayButton_Text>Згарнуць</SearchExecuterForm_MinimizeToSystrayButton_Text>
  <SearchExecuterForm_MinimizeToSystrayButton_Text>Фонавы рэжым</SearchExecuterForm_MinimizeToSystrayButton_Text>
  <ResultsPreviewBase_NextButton_ToolTip_Text>Перайсці да наступнага выніку</ResultsPreviewBase_NextButton_ToolTip_Text>
  <ResultsPreviewBase_PreviousButton_ToolTip_Text>Перайсці да папярэдняга выніку</ResultsPreviewBase_PreviousButton_ToolTip_Text>
  <ResultsPreviewDuplPair_DeleteFirstButton_ToolTip_Text>Выдаліць першы малюнак</ResultsPreviewDuplPair_DeleteFirstButton_ToolTip_Text>
  <ResultsPreviewDuplPair_DeleteSecondButton_ToolTip_Text>Выдаліць другi малюнак</ResultsPreviewDuplPair_DeleteSecondButton_ToolTip_Text>
  <ResultsPreviewDuplPair_DeleteBothButton_ToolTip_Text>Выдаліць абодва малюнкі</ResultsPreviewDuplPair_DeleteBothButton_ToolTip_Text>
  <ResultsPreviewDuplPair_RenameFirstToSecondButton_ToolTip_Text>Замясціць другi малюнак першым</ResultsPreviewDuplPair_RenameFirstToSecondButton_ToolTip_Text>
  <ResultsPreviewDuplPair_RenameSecondToFirstButton_ToolTip_Text>Замясціць першы малюнак другiм</ResultsPreviewDuplPair_RenameSecondToFirstButton_ToolTip_Text>
  <ResultsPreviewDuplPair_MistakeButton_ToolTip_Text>Пазначыць бягучы вынік як памылковы</ResultsPreviewDuplPair_MistakeButton_ToolTip_Text>
  <ResultsPreviewDefect_DeleteButton_ToolTip_Text>Выдаліць малюнак</ResultsPreviewDefect_DeleteButton_ToolTip_Text>
  <ResultsPreviewDefect_MistakeButton_ToolTip_Text>Пазначыць бягучы вынік як памылковы</ResultsPreviewDefect_MistakeButton_ToolTip_Text>
  <ResultRowSetter_DefectIcon_ToolTip_Text>Дэфектная малюнак</ResultRowSetter_DefectIcon_ToolTip_Text>
  <ResultRowSetter_DuplPairIcon_ToolTip_Text>Дублюючая пара малюнкаў</ResultRowSetter_DuplPairIcon_ToolTip_Text>
  <ResultRowSetter_UnknownDefectIcon_ToolTip_Text>Невядомы дэфект</ResultRowSetter_UnknownDefectIcon_ToolTip_Text>
  <ResultRowSetter_JpegEndMarkerIsAbsentIcon_ToolTip_Text>Адсутнічае маркер канца JPEG файла</ResultRowSetter_JpegEndMarkerIsAbsentIcon_ToolTip_Text>
  <ResultRowSetter_DeleteDefectIcon_ToolTip_Text>Выдаліць малюнак</ResultRowSetter_DeleteDefectIcon_ToolTip_Text>
  <ResultRowSetter_DeleteFirstIcon_ToolTip_Text>Выдаліць першы малюнак</ResultRowSetter_DeleteFirstIcon_ToolTip_Text>
  <ResultRowSetter_DeleteSecondIcon_ToolTip_Text>Выдаліць другi малюнак</ResultRowSetter_DeleteSecondIcon_ToolTip_Text>
  <ResultRowSetter_RenameFirstToSecondIcon_ToolTip_Text>Замясціць другi малюнак першым</ResultRowSetter_RenameFirstToSecondIcon_ToolTip_Text>
  <ResultRowSetter_RenameSecondToFirstIcon_ToolTip_Text>Замясціць першы малюнак другiм</ResultRowSetter_RenameSecondToFirstIcon_ToolTip_Text>
  <ResultRowSetter_Turn_0_Icon_ToolTip_Text>Арыгінал</ResultRowSetter_Turn_0_Icon_ToolTip_Text>
  <ResultRowSetter_Turn_90_Icon_ToolTip_Text>Павернуты на 90 °</ResultRowSetter_Turn_90_Icon_ToolTip_Text>
  <ResultRowSetter_Turn_180_Icon_ToolTip_Text>Павернуты на 180 °</ResultRowSetter_Turn_180_Icon_ToolTip_Text>
  <ResultRowSetter_Turn_270_Icon_ToolTip_Text>Павернуты на 270 °</ResultRowSetter_Turn_270_Icon_ToolTip_Text>
  <ResultRowSetter_MirrorTurn_0_Icon_ToolTip_Text>Гарызантальна адлюстраваны</ResultRowSetter_MirrorTurn_0_Icon_ToolTip_Text>
  <ResultRowSetter_MirrorTurn_90_Icon_ToolTip_Text>Гарызантальна адлюстраваны і павернуты на 90 °</ResultRowSetter_MirrorTurn_90_Icon_ToolTip_Text>
  <ResultRowSetter_MirrorTurn_180_Icon_ToolTip_Text>Гарызантальна адлюстраваны і павернуты на 180 °</ResultRowSetter_MirrorTurn_180_Icon_ToolTip_Text>
  <ResultRowSetter_MirrorTurn_270_Icon_ToolTip_Text>Гарызантальна адлюстраваны і павернуты на 270 °</ResultRowSetter_MirrorTurn_270_Icon_ToolTip_Text>
  <ResultsListView_Type_Column_Text>Тып</ResultsListView_Type_Column_Text>
  <ResultsListView_Group_Column_Text>Група</ResultsListView_Group_Column_Text>
  <ResultsListView_Difference_Column_Text>Адрозненне</ResultsListView_Difference_Column_Text>
  <ResultsListView_Defect_Column_Text>Тып дэфекту</ResultsListView_Defect_Column_Text>
  <ResultsListView_Transform_Column_Text>Трансфармацыя</ResultsListView_Transform_Column_Text>
  <ResultsListView_Hint_Column_Text>Рэкамендацыя</ResultsListView_Hint_Column_Text>
  <ResultsListView_FileName_Column_Text>Імя</ResultsListView_FileName_Column_Text>
  <ResultsListView_FileDirectory_Column_Text>У каталогу</ResultsListView_FileDirectory_Column_Text>
  <ResultsListView_ImageSize_Column_Text>Памеры</ResultsListView_ImageSize_Column_Text>
  <ResultsListView_ImageType_Column_Text>Тып малюнка</ResultsListView_ImageType_Column_Text>
  <ResultsListView_FileSize_Column_Text>Памер</ResultsListView_FileSize_Column_Text>
  <ResultsListView_FileTime_Column_Text>Дата змены</ResultsListView_FileTime_Column_Text>
  <ResultsListView_FirstFileName_Column_Text>1: Імя</ResultsListView_FirstFileName_Column_Text>
  <ResultsListView_FirstFileDirectory_Column_Text>1: У каталогу</ResultsListView_FirstFileDirectory_Column_Text>
  <ResultsListView_FirstImageSize_Column_Text>1: Памеры</ResultsListView_FirstImageSize_Column_Text>
  <ResultsListView_FirstImageType_Column_Text>1: Тып малюнка</ResultsListView_FirstImageType_Column_Text>
  <ResultsListView_FirstFileSize_Column_Text>1: Памер</ResultsListView_FirstFileSize_Column_Text>
  <ResultsListView_FirstFileTime_Column_Text>1: Дата змены</ResultsListView_FirstFileTime_Column_Text>
  <ResultsListView_SecondFileName_Column_Text>2: Імя</ResultsListView_SecondFileName_Column_Text>
  <ResultsListView_SecondFileDirectory_Column_Text>2: У каталогу</ResultsListView_SecondFileDirectory_Column_Text>
  <ResultsListView_SecondImageSize_Column_Text>2: Памеры</ResultsListView_SecondImageSize_Column_Text>
  <ResultsListView_SecondImageType_Column_Text>2: Тып малюнка</ResultsListView_SecondImageType_Column_Text>
  <ResultsListView_SecondFileSize_Column_Text>2: Памер</ResultsListView_SecondFileSize_Column_Text>
  <ResultsListView_SecondFileTime_Column_Text>2: Дата змены</ResultsListView_SecondFileTime_Column_Text>
  <ResultsListViewContextMenu_DeleteDefectItem_Text>Выдаліць сапсаваныя малюнакi ў выдзеленых выніках</ResultsListViewContextMenu_DeleteDefectItem_Text>
  <ResultsListViewContextMenu_DeleteFirstItem_Text>Выдаліць першы малюнак ў выдзеленых выніках</ResultsListViewContextMenu_DeleteFirstItem_Text>
  <ResultsListViewContextMenu_DeleteSecondItem_Text>Выдаліць другі малюнак ў выдзеленых выніках</ResultsListViewContextMenu_DeleteSecondItem_Text>
  <ResultsListViewContextMenu_DeleteBothItem_Text>Выдаліць усе парныя малюнакi ў выдзеленых выніках</ResultsListViewContextMenu_DeleteBothItem_Text>
  <ResultsListViewContextMenu_MistakeItem_Text>Пазначыць вылучаныя вынікі як памылковыя</ResultsListViewContextMenu_MistakeItem_Text>
  <ResultsListViewContextMenu_PerformHintItem_Text>Аўтаматычна апрацаваць выдзеленыя вынікі</ResultsListViewContextMenu_PerformHintItem_Text>
  <MainStatusStrip_TotalLabel_Text>Усяго:</MainStatusStrip_TotalLabel_Text>
  <MainStatusStrip_CurrentLabel_Text>Бягучы:</MainStatusStrip_CurrentLabel_Text>
  <MainStatusStrip_SelectedLabel_Text>Выдзелена:</MainStatusStrip_SelectedLabel_Text>
  <MainMenu_FileMenuItem_Text>Файл</MainMenu_FileMenuItem_Text>
  <MainMenu_File_SaveMenuItem_Text>Захаваць вынікі</MainMenu_File_SaveMenuItem_Text>
  <MainMenu_File_LoadMenuItem_Text>Загрузіць вынікі</MainMenu_File_LoadMenuItem_Text>
  <MainMenu_File_ExitMenuItem_Text>Выхад</MainMenu_File_ExitMenuItem_Text>
  <MainMenu_EditMenuItem_Text>Праўка</MainMenu_EditMenuItem_Text>
  <MainMenu_Edit_UndoMenuItem_Text>Адмяніць (Ctrl-Z)</MainMenu_Edit_UndoMenuItem_Text>
  <MainMenu_Edit_RedoMenuItem_Text>Паўтарыць (Ctrl-Y)</MainMenu_Edit_RedoMenuItem_Text>
  <MainMenu_Edit_SelectAllMenuItem_Text>Вылучыць усе (Ctrl-A)</MainMenu_Edit_SelectAllMenuItem_Text>
  <MainMenu_ViewMenuItem_Text>Выгляд</MainMenu_ViewMenuItem_Text>
  <MainMenu_View_ToolMenuItem_Text>Панэль інструментаў</MainMenu_View_ToolMenuItem_Text>
  <MainMenu_View_StatusMenuItem_Text>Радок стану</MainMenu_View_StatusMenuItem_Text>
  <MainMenu_View_SelectColumnsMenuItem_Text>Выбар слупкоў</MainMenu_View_SelectColumnsMenuItem_Text>
  <MainMenu_View_HotKeysMenuItem_Text>Гарачыя клавішы</MainMenu_View_HotKeysMenuItem_Text>
  <MainMenu_View_StretchSmallImagesMenuItem_Text>Расцягваць невялікія малюнкі</MainMenu_View_StretchSmallImagesMenuItem_Text>
  <MainMenu_View_ProportionalImageSizeMenuItem_Text>Прапарцыйны памер малюнкаў</MainMenu_View_ProportionalImageSizeMenuItem_Text>
  <MainMenu_SearchMenuItem_Text>Пошук</MainMenu_SearchMenuItem_Text>
  <MainMenu_Search_StartMenuItem_Text>Пачаць пошук</MainMenu_Search_StartMenuItem_Text>
  <MainMenu_Search_RefreshMenuItem_Text>Абнавіць вынікі</MainMenu_Search_RefreshMenuItem_Text>
  <MainMenu_Search_PathsMenuItem_Text>Шляхі</MainMenu_Search_PathsMenuItem_Text>
  <MainMenu_Search_OptionsMenuItem_Text>Опцыі</MainMenu_Search_OptionsMenuItem_Text>
  <MainMenu_Search_OnePathMenuItem_Text>Адзін шлях пошуку</MainMenu_Search_OnePathMenuItem_Text>
  <MainMenu_Search_UseImageDataBaseMenuItem_Text>Выкарыстоўваць базу дадзеных аб малюнках</MainMenu_Search_UseImageDataBaseMenuItem_Text>
  <MainMenu_HelpMenuItem_Text>Даведка</MainMenu_HelpMenuItem_Text>
  <MainMenu_Help_HelpMenuItem_Text>Даведка</MainMenu_Help_HelpMenuItem_Text>
  <MainMenu_Help_AboutProgramMenuItem_Text>Аб праграме...</MainMenu_Help_AboutProgramMenuItem_Text>
  <MainMenu_Help_CheckingForUpdatesMenuItem_Text>Правяраць наяўнасць абнаўленняў</MainMenu_Help_CheckingForUpdatesMenuItem_Text>
  <MainMenu_NewVersionMenuItem_Text>Новая версія</MainMenu_NewVersionMenuItem_Text>
  <MainMenu_NewVersionMenuItem_Tooltip>AntiDupl.NET-{0} даступна на сайце!</MainMenu_NewVersionMenuItem_Tooltip>
  <SelectHotKeysForm_InvalidHotKeyToolTipText>Гэтая камбінацыя клавіш ўжо выкарыстоўваецца для іншых мэтаў.</SelectHotKeysForm_InvalidHotKeyToolTipText>
  <LanguageMenuItem_Text>Мова</LanguageMenuItem_Text>
  <OrientationMenuItem_Text>Арыентацыя</OrientationMenuItem_Text>
  <OrientationMenuItem_VerticalMenuItem_Text>Вертыкальная</OrientationMenuItem_VerticalMenuItem_Text>
  <OrientationMenuItem_HorizontalMenuItem_Text>Гарызантальная</OrientationMenuItem_HorizontalMenuItem_Text>
  <ImagePreviewContextMenu_CopyPathItem_Text>Скапіяваць шлях</ImagePreviewContextMenu_CopyPathItem_Text>
  <ImagePreviewContextMenu_OpenImageItem_Text>Адкрыць малюнак</ImagePreviewContextMenu_OpenImageItem_Text>
  <ImagePreviewContextMenu_OpenFolderItem_Text>Адкрыць каталог з малюнкам</ImagePreviewContextMenu_OpenFolderItem_Text>
  <ImagePreviewContextMenu_RenameImageItem_Text>Перайменаваць малюнак</ImagePreviewContextMenu_RenameImageItem_Text>
  <ImagePreviewContextMenu_MoveImageToNeighbourItem_Text>Перамясціць малюнак да суседняй</ImagePreviewContextMenu_MoveImageToNeighbourItem_Text>
</Strings>