<?xml version="1.0" encoding="utf-8"?>
<Strings xmlns:xsi="http://www.w3.org/2001/XMLSchema-instance" xmlns:xsd="http://www.w3.org/2001/XMLSchema">
  <Name>English</Name>
  <OriginalLanguageName>English</OriginalLanguageName>
  <OkButton_Text>OK</OkButton_Text>
  <CancelButton_Text>Cancel</CancelButton_Text>
  <StopButton_Text>Stop</StopButton_Text>
  <SetDefaultButton_Text>Set default</SetDefaultButton_Text>
  <ErrorMessage_FileAlreadyExists>Can't rename file because file with this name already is exists!</ErrorMessage_FileAlreadyExists>
  <WarningMessage_ChangeFileExtension>Do you really want to change file extension?</WarningMessage_ChangeFileExtension>
  <AboutProgramPanel_ShellVersionLabel_Text>Shell version - </AboutProgramPanel_ShellVersionLabel_Text>
  <AboutProgramPanel_CoreVersionLabel_Text>Core version - </AboutProgramPanel_CoreVersionLabel_Text>
  <AboutProgramPanel_TimeLabel_Text>2002-2012</AboutProgramPanel_TimeLabel_Text>
  <AboutProgramPanel_PlaceLabel_Text>Minsk, Belarus</AboutProgramPanel_PlaceLabel_Text>
  <AboutProgramPanel_AuthorLabel_Text>Yermalayeu Ihar</AboutProgramPanel_AuthorLabel_Text>
  <AboutProgramForm_Text>About program...</AboutProgramForm_Text>
  <StartFinishForm_LoadImages_Text>Load file of images</StartFinishForm_LoadImages_Text>
  <StartFinishForm_LoadMistakes_Text>Load file of mistakes</StartFinishForm_LoadMistakes_Text>
  <StartFinishForm_LoadResults_Text>Load file of results</StartFinishForm_LoadResults_Text>
  <StartFinishForm_SaveImages_Text>Save file of images</StartFinishForm_SaveImages_Text>
  <StartFinishForm_SaveMistakes_Text>Save file of mistakes</StartFinishForm_SaveMistakes_Text>
  <StartFinishForm_SaveResults_Text>Save file of results</StartFinishForm_SaveResults_Text>
  <StartFinishForm_ClearTemporary_Text>Delete temporary files</StartFinishForm_ClearTemporary_Text>
  <CoreOptionsForm_Text>Options</CoreOptionsForm_Text>
  <CoreOptionsForm_SearchTabPage_Text>Search</CoreOptionsForm_SearchTabPage_Text>
  <CoreOptionsForm_SearchFileTypeGroupBox_Text>Search types:</CoreOptionsForm_SearchFileTypeGroupBox_Text>
  <CoreOptionsForm_BmpCheckBox_Text>BMP</CoreOptionsForm_BmpCheckBox_Text>
  <CoreOptionsForm_GifCheckBox_Text>GIF</CoreOptionsForm_GifCheckBox_Text>
  <CoreOptionsForm_JpegCheckBox_Text>JPEG</CoreOptionsForm_JpegCheckBox_Text>
  <CoreOptionsForm_PngCheckBox_Text>PNG</CoreOptionsForm_PngCheckBox_Text>
  <CoreOptionsForm_TiffCheckBox_Text>TIFF</CoreOptionsForm_TiffCheckBox_Text>
  <CoreOptionsForm_EmfCheckBox_Text>EMF</CoreOptionsForm_EmfCheckBox_Text>
  <CoreOptionsForm_WmfCheckBox_Text>WMF</CoreOptionsForm_WmfCheckBox_Text>
  <CoreOptionsForm_ExifCheckBox_Text>EXIF</CoreOptionsForm_ExifCheckBox_Text>
  <CoreOptionsForm_IconCheckBox_Text>ICON</CoreOptionsForm_IconCheckBox_Text>
  <CoreOptionsForm_Jp2CheckBox_Text>JP2</CoreOptionsForm_Jp2CheckBox_Text>
  <CoreOptionsForm_PsdCheckBox_Text>PSD</CoreOptionsForm_PsdCheckBox_Text>
  <CoreOptionsForm_SearchSystemCheckBox_Text>Search system folders/files</CoreOptionsForm_SearchSystemCheckBox_Text>
  <CoreOptionsForm_SearchHiddenCheckBox_Text>Search hidden folders/files</CoreOptionsForm_SearchHiddenCheckBox_Text>
  <CoreOptionsForm_SearchSubFoldersCheckBox_Text>Search in subdirectories</CoreOptionsForm_SearchSubFoldersCheckBox_Text>
  <CoreOptionsForm_CheckTabPage_Text>Check</CoreOptionsForm_CheckTabPage_Text>
  <CoreOptionsForm_CheckOnDefectCheckBox_Text>Check on defect</CoreOptionsForm_CheckOnDefectCheckBox_Text>
  <CoreOptionsForm_CheckOnEqualityCheckBox_Text>Search image dupls</CoreOptionsForm_CheckOnEqualityCheckBox_Text>
  <CoreOptionsForm_TransformedImageCheckBox_Text>Search rotated and mirror image dupls</CoreOptionsForm_TransformedImageCheckBox_Text>
  <CoreOptionsForm_SizeControlCheckBox_Text>Control image size</CoreOptionsForm_SizeControlCheckBox_Text>
  <CoreOptionsForm_TypeControlCheckBox_Text>Control image type</CoreOptionsForm_TypeControlCheckBox_Text>
  <CoreOptionsForm_RatioControlCheckBox_Text>Control image width/height ratio</CoreOptionsForm_RatioControlCheckBox_Text>
  <CoreOptionsForm_ThresholdDifferenceLabeledComboBox_Text>Threshold difference</CoreOptionsForm_ThresholdDifferenceLabeledComboBox_Text>
  <CoreOptionsForm_MinimalImageSizeLabeledIntegerEdit_Text>Minimal image width/height</CoreOptionsForm_MinimalImageSizeLabeledIntegerEdit_Text>
  <CoreOptionsForm_CompareInsideOneFolderCheckBox_Text>Compare images from one path with one another</CoreOptionsForm_CompareInsideOneFolderCheckBox_Text>
  <CoreOptionsForm_AdvancedTabPage_Text>Advanced</CoreOptionsForm_AdvancedTabPage_Text>
  <CoreOptionsForm_DeleteToRecycleBinCheckBox_Text>Delete to recycle bin</CoreOptionsForm_DeleteToRecycleBinCheckBox_Text>
  <CoreOptionsForm_MistakeDataBaseCheckBox_Text>Remember mistakes</CoreOptionsForm_MistakeDataBaseCheckBox_Text>
  <CoreOptionsForm_RatioResolutionLabeledComboBox_Text>Image width/height ratio precision</CoreOptionsForm_RatioResolutionLabeledComboBox_Text>
  <CoreOptionsForm_CompareThreadCountLabeledComboBox_Text>Compare thread count</CoreOptionsForm_CompareThreadCountLabeledComboBox_Text>
  <CoreOptionsForm_CompareThreadCountLabeledComboBox_Description_0>Auto</CoreOptionsForm_CompareThreadCountLabeledComboBox_Description_0>
  <CoreOptionsForm_CollectThreadCountLabeledComboBox_Text>Load thread count</CoreOptionsForm_CollectThreadCountLabeledComboBox_Text>
  <CoreOptionsForm_CollectThreadCountLabeledComboBox_Description_0>Auto</CoreOptionsForm_CollectThreadCountLabeledComboBox_Description_0>
  <CoreOptionsForm_ReducedImageSizeLabeledComboBox_Text>Normalized image size</CoreOptionsForm_ReducedImageSizeLabeledComboBox_Text>
  <CoreOptionsForm_UndoQueueSizeLabeledIntegerEdit_Text>Queue size of undo</CoreOptionsForm_UndoQueueSizeLabeledIntegerEdit_Text>
  <CoreOptionsForm_ResultCountMaxLabeledIntegerEdit_Text>Maximal count of results</CoreOptionsForm_ResultCountMaxLabeledIntegerEdit_Text>
  <CoreOptionsForm_IgnoreFrameWidthLabeledComboBox_Text>Width of ignored frame of image</CoreOptionsForm_IgnoreFrameWidthLabeledComboBox_Text>
  <CorePathsForm_Text>Paths</CorePathsForm_Text>
  <CorePathsForm_SearchTabPage_Text>Search</CorePathsForm_SearchTabPage_Text>
  <CorePathsForm_IgnoreTabPage_Text>Ignore</CorePathsForm_IgnoreTabPage_Text>
  <CorePathsForm_ValidTabPage_Text>Valid</CorePathsForm_ValidTabPage_Text>
  <CorePathsForm_DeleteTabPage_Text>Delete</CorePathsForm_DeleteTabPage_Text>
  <CorePathsForm_AddFolderButton_Text>Add Folder</CorePathsForm_AddFolderButton_Text>
  <CorePathsForm_AddFilesButton_Text>Add Files</CorePathsForm_AddFilesButton_Text>
  <CorePathsForm_ChangeButton_Text>Change</CorePathsForm_ChangeButton_Text>
  <CorePathsForm_RemoveButton_Text>Remove</CorePathsForm_RemoveButton_Text>
  <ProgressUtils_Completed>{0}% completed</ProgressUtils_Completed>
  <ProgressUtils_5HoursRemaining>{0} hours remaining</ProgressUtils_5HoursRemaining>
  <ProgressUtils_2HoursRemaining>{0} hours remaining</ProgressUtils_2HoursRemaining>
  <ProgressUtils_5MinutesRemaining>{0} minutes remaining</ProgressUtils_5MinutesRemaining>
  <ProgressUtils_2MinutesRemaining>{0} minutes remaining</ProgressUtils_2MinutesRemaining>
  <ProgressUtils_5SecondsRemaining>{0} seconds remaining</ProgressUtils_5SecondsRemaining>
  <ProgressForm_DeleteDefect>Deletion of defect pictures in selected results</ProgressForm_DeleteDefect>
  <ProgressForm_DeleteFirst>Deletion of first pictures in selected results</ProgressForm_DeleteFirst>
  <ProgressForm_DeleteSecond>Deletion of second pictures in selected results</ProgressForm_DeleteSecond>
  <ProgressForm_DeleteBoth>Deletion of all duplicated pictures in selected results</ProgressForm_DeleteBoth>
  <ProgressForm_PerformHint>Automatic processing of selected results</ProgressForm_PerformHint>
  <ProgressForm_Mistake>Marking of selected results as a mistakes</ProgressForm_Mistake>
  <ProgressForm_RenameCurrent>Renaming/replacing of images</ProgressForm_RenameCurrent>
  <ProgressForm_Refresh>Refresh of results</ProgressForm_Refresh>
  <ProgressForm_Undo>Action undoing</ProgressForm_Undo>
  <ProgressForm_Redo>Action redoing</ProgressForm_Redo>
  <SearchExecuterForm_Result>Result processing</SearchExecuterForm_Result>
  <SearchExecuterForm_Search>Search</SearchExecuterForm_Search>
  <SearchExecuterForm_Stopped>Stopping of search</SearchExecuterForm_Stopped>
  <SearchExecuterForm_MinimizeToTaskbarButton_Text>Minimize</SearchExecuterForm_MinimizeToTaskbarButton_Text>
  <SearchExecuterForm_MinimizeToSystrayButton_Text>Background Mode</SearchExecuterForm_MinimizeToSystrayButton_Text>
  <ResultsPreviewBase_NextButton_ToolTip_Text>Go to the next result</ResultsPreviewBase_NextButton_ToolTip_Text>
  <ResultsPreviewBase_PreviousButton_ToolTip_Text>Go to the previous result</ResultsPreviewBase_PreviousButton_ToolTip_Text>
  <ResultsPreviewDuplPair_DeleteFirstButton_ToolTip_Text>Delete first picture</ResultsPreviewDuplPair_DeleteFirstButton_ToolTip_Text>
  <ResultsPreviewDuplPair_DeleteSecondButton_ToolTip_Text>Delete second picture</ResultsPreviewDuplPair_DeleteSecondButton_ToolTip_Text>
  <ResultsPreviewDuplPair_DeleteBothButton_ToolTip_Text>Delete both pictures</ResultsPreviewDuplPair_DeleteBothButton_ToolTip_Text>
  <ResultsPreviewDuplPair_RenameFirstToSecondButton_ToolTip_Text>Replace second picture by the first picture</ResultsPreviewDuplPair_RenameFirstToSecondButton_ToolTip_Text>
  <ResultsPreviewDuplPair_RenameSecondToFirstButton_ToolTip_Text>Replace first picture by the second picture</ResultsPreviewDuplPair_RenameSecondToFirstButton_ToolTip_Text>
  <ResultsPreviewDuplPair_MistakeButton_ToolTip_Text>Mark current result as a mistake</ResultsPreviewDuplPair_MistakeButton_ToolTip_Text>
  <ResultsPreviewDefect_DeleteButton_ToolTip_Text>Delete picture</ResultsPreviewDefect_DeleteButton_ToolTip_Text>
  <ResultsPreviewDefect_MistakeButton_ToolTip_Text>Mark current result as a mistake</ResultsPreviewDefect_MistakeButton_ToolTip_Text>
  <ResultRowSetter_DefectIcon_ToolTip_Text>Defect picture</ResultRowSetter_DefectIcon_ToolTip_Text>
  <ResultRowSetter_DuplPairIcon_ToolTip_Text>Dubbed picture pair</ResultRowSetter_DuplPairIcon_ToolTip_Text>
  <ResultRowSetter_UnknownDefectIcon_ToolTip_Text>Unknown defect</ResultRowSetter_UnknownDefectIcon_ToolTip_Text>
  <ResultRowSetter_JpegEndMarkerIsAbsentIcon_ToolTip_Text>JPEG file end marker is absent</ResultRowSetter_JpegEndMarkerIsAbsentIcon_ToolTip_Text>
  <ResultRowSetter_DeleteDefectIcon_ToolTip_Text>Delete picture</ResultRowSetter_DeleteDefectIcon_ToolTip_Text>
  <ResultRowSetter_DeleteFirstIcon_ToolTip_Text>Delete first picture</ResultRowSetter_DeleteFirstIcon_ToolTip_Text>
  <ResultRowSetter_DeleteSecondIcon_ToolTip_Text>Delete second picture</ResultRowSetter_DeleteSecondIcon_ToolTip_Text>
  <ResultRowSetter_RenameFirstToSecondIcon_ToolTip_Text>Replace second picture by the first picture</ResultRowSetter_RenameFirstToSecondIcon_ToolTip_Text>
  <ResultRowSetter_RenameSecondToFirstIcon_ToolTip_Text>Replace first picture by the second picture</ResultRowSetter_RenameSecondToFirstIcon_ToolTip_Text>
  <ResultRowSetter_Turn_0_Icon_ToolTip_Text>Original</ResultRowSetter_Turn_0_Icon_ToolTip_Text>
  <ResultRowSetter_Turn_90_Icon_ToolTip_Text>Rotated on 90°</ResultRowSetter_Turn_90_Icon_ToolTip_Text>
  <ResultRowSetter_Turn_180_Icon_ToolTip_Text>Rotated on 180°</ResultRowSetter_Turn_180_Icon_ToolTip_Text>
  <ResultRowSetter_Turn_270_Icon_ToolTip_Text>Rotated on 270°</ResultRowSetter_Turn_270_Icon_ToolTip_Text>
  <ResultRowSetter_MirrorTurn_0_Icon_ToolTip_Text>Horizontally flipped</ResultRowSetter_MirrorTurn_0_Icon_ToolTip_Text>
  <ResultRowSetter_MirrorTurn_90_Icon_ToolTip_Text>Horizontally flipped and rotated on 90°</ResultRowSetter_MirrorTurn_90_Icon_ToolTip_Text>
  <ResultRowSetter_MirrorTurn_180_Icon_ToolTip_Text>Horizontally flipped and rotated on 180°</ResultRowSetter_MirrorTurn_180_Icon_ToolTip_Text>
  <ResultRowSetter_MirrorTurn_270_Icon_ToolTip_Text>Horizontally flipped and rotated on 270°</ResultRowSetter_MirrorTurn_270_Icon_ToolTip_Text>
  <ResultsListView_Type_Column_Text>Type</ResultsListView_Type_Column_Text>
  <ResultsListView_Group_Column_Text>Group</ResultsListView_Group_Column_Text>
  <ResultsListView_Difference_Column_Text>Difference</ResultsListView_Difference_Column_Text>
  <ResultsListView_Defect_Column_Text>Defect type</ResultsListView_Defect_Column_Text>
  <ResultsListView_Transform_Column_Text>Transformation</ResultsListView_Transform_Column_Text>
  <ResultsListView_Hint_Column_Text>Hint</ResultsListView_Hint_Column_Text>
  <ResultsListView_FileName_Column_Text>Name</ResultsListView_FileName_Column_Text>
  <ResultsListView_FileDirectory_Column_Text>In folder</ResultsListView_FileDirectory_Column_Text>
  <ResultsListView_ImageSize_Column_Text>Dimensions</ResultsListView_ImageSize_Column_Text>
  <ResultsListView_ImageType_Column_Text>Image type</ResultsListView_ImageType_Column_Text>
  <ResultsListView_FileSize_Column_Text>Size</ResultsListView_FileSize_Column_Text>
  <ResultsListView_FileTime_Column_Text>Date modified</ResultsListView_FileTime_Column_Text>
  <ResultsListView_FirstFileName_Column_Text>1: Name</ResultsListView_FirstFileName_Column_Text>
  <ResultsListView_FirstFileDirectory_Column_Text>1: In folder</ResultsListView_FirstFileDirectory_Column_Text>
  <ResultsListView_FirstImageSize_Column_Text>1: Dimensions</ResultsListView_FirstImageSize_Column_Text>
  <ResultsListView_FirstImageType_Column_Text>1: Image type</ResultsListView_FirstImageType_Column_Text>
  <ResultsListView_FirstFileSize_Column_Text>1: Size</ResultsListView_FirstFileSize_Column_Text>
  <ResultsListView_FirstFileTime_Column_Text>1: First Date modified</ResultsListView_FirstFileTime_Column_Text>
  <ResultsListView_SecondFileName_Column_Text>2: Name</ResultsListView_SecondFileName_Column_Text>
  <ResultsListView_SecondFileDirectory_Column_Text>2: In folder</ResultsListView_SecondFileDirectory_Column_Text>
  <ResultsListView_SecondImageSize_Column_Text>2: Dimensions</ResultsListView_SecondImageSize_Column_Text>
  <ResultsListView_SecondImageType_Column_Text>2: Image type</ResultsListView_SecondImageType_Column_Text>
  <ResultsListView_SecondFileSize_Column_Text>2: Size</ResultsListView_SecondFileSize_Column_Text>
  <ResultsListView_SecondFileTime_Column_Text>2: Date modified</ResultsListView_SecondFileTime_Column_Text>
  <ResultsListViewContextMenu_DeleteDefectItem_Text>Delete defect pictures in selected results</ResultsListViewContextMenu_DeleteDefectItem_Text>
  <ResultsListViewContextMenu_DeleteFirstItem_Text>Delete first pictures in selected results</ResultsListViewContextMenu_DeleteFirstItem_Text>
  <ResultsListViewContextMenu_DeleteSecondItem_Text>Delete second pictures in selected results</ResultsListViewContextMenu_DeleteSecondItem_Text>
  <ResultsListViewContextMenu_DeleteBothItem_Text>Delete all duplicated pictures in selected results</ResultsListViewContextMenu_DeleteBothItem_Text>
  <ResultsListViewContextMenu_MistakeItem_Text>Mark selected results as a mistakes</ResultsListViewContextMenu_MistakeItem_Text>
  <ResultsListViewContextMenu_PerformHintItem_Text>Process selected results automatically</ResultsListViewContextMenu_PerformHintItem_Text>
  <MainStatusStrip_TotalLabel_Text>Total: </MainStatusStrip_TotalLabel_Text>
  <MainStatusStrip_CurrentLabel_Text>Current: </MainStatusStrip_CurrentLabel_Text>
  <MainStatusStrip_SelectedLabel_Text>Selected: </MainStatusStrip_SelectedLabel_Text>
  <MainMenu_FileMenuItem_Text>File</MainMenu_FileMenuItem_Text>
  <MainMenu_File_SaveMenuItem_Text>Save results</MainMenu_File_SaveMenuItem_Text>
  <MainMenu_File_LoadMenuItem_Text>Load results</MainMenu_File_LoadMenuItem_Text>
  <MainMenu_File_ExitMenuItem_Text>Exit</MainMenu_File_ExitMenuItem_Text>
  <MainMenu_EditMenuItem_Text>Edit</MainMenu_EditMenuItem_Text>
  <MainMenu_Edit_UndoMenuItem_Text>Undo (Ctrl-Z)</MainMenu_Edit_UndoMenuItem_Text>
  <MainMenu_Edit_RedoMenuItem_Text>Redo (Ctrl-Y)</MainMenu_Edit_RedoMenuItem_Text>
  <MainMenu_Edit_SelectAllMenuItem_Text>Select all (Ctrl-A)</MainMenu_Edit_SelectAllMenuItem_Text>
  <MainMenu_ViewMenuItem_Text>View</MainMenu_ViewMenuItem_Text>
  <MainMenu_View_ToolMenuItem_Text>Tool bar</MainMenu_View_ToolMenuItem_Text>
  <MainMenu_View_StatusMenuItem_Text>Status bar</MainMenu_View_StatusMenuItem_Text>
  <MainMenu_View_SelectColumnsMenuItem_Text>Select columns</MainMenu_View_SelectColumnsMenuItem_Text>
  <MainMenu_View_HotKeysMenuItem_Text>Hot keys</MainMenu_View_HotKeysMenuItem_Text>
  <MainMenu_View_StretchSmallImagesMenuItem_Text>Stretch small images</MainMenu_View_StretchSmallImagesMenuItem_Text>
  <MainMenu_View_ProportionalImageSizeMenuItem_Text>Proportional size of images</MainMenu_View_ProportionalImageSizeMenuItem_Text>
  <MainMenu_SearchMenuItem_Text>Search</MainMenu_SearchMenuItem_Text>
  <MainMenu_Search_StartMenuItem_Text>Start search</MainMenu_Search_StartMenuItem_Text>
  <MainMenu_Search_RefreshMenuItem_Text>Refresh results</MainMenu_Search_RefreshMenuItem_Text>
  <MainMenu_Search_PathsMenuItem_Text>Paths</MainMenu_Search_PathsMenuItem_Text>
  <MainMenu_Search_OptionsMenuItem_Text>Options</MainMenu_Search_OptionsMenuItem_Text>
  <MainMenu_Search_OnePathMenuItem_Text>One search path</MainMenu_Search_OnePathMenuItem_Text>
  <MainMenu_Search_UseImageDataBaseMenuItem_Text>Use database of image</MainMenu_Search_UseImageDataBaseMenuItem_Text>
  <MainMenu_HelpMenuItem_Text>Help</MainMenu_HelpMenuItem_Text>
  <MainMenu_Help_HelpMenuItem_Text>Help</MainMenu_Help_HelpMenuItem_Text>
  <MainMenu_Help_AboutProgramMenuItem_Text>About program...</MainMenu_Help_AboutProgramMenuItem_Text>
  <MainMenu_Help_CheckingForUpdatesMenuItem_Text>Checking for updates</MainMenu_Help_CheckingForUpdatesMenuItem_Text>
  <MainMenu_NewVersionMenuItem_Text>New Version</MainMenu_NewVersionMenuItem_Text>
  <MainMenu_NewVersionMenuItem_Tooltip>AntiDupl.NET-{0} is available on the website!</MainMenu_NewVersionMenuItem_Tooltip>
  <SelectHotKeysForm_InvalidHotKeyToolTipText>This hot key combination is already used for another purpose.</SelectHotKeysForm_InvalidHotKeyToolTipText>
  <LanguageMenuItem_Text>Language</LanguageMenuItem_Text>
  <OrientationMenuItem_Text>Orientation</OrientationMenuItem_Text>
  <OrientationMenuItem_VerticalMenuItem_Text>Vertical</OrientationMenuItem_VerticalMenuItem_Text>
  <OrientationMenuItem_HorizontalMenuItem_Text>Horizontal</OrientationMenuItem_HorizontalMenuItem_Text>
  <ImagePreviewContextMenu_CopyPathItem_Text>Copy path</ImagePreviewContextMenu_CopyPathItem_Text>
  <ImagePreviewContextMenu_OpenImageItem_Text>Open image</ImagePreviewContextMenu_OpenImageItem_Text>
  <ImagePreviewContextMenu_OpenFolderItem_Text>Open containing folder</ImagePreviewContextMenu_OpenFolderItem_Text>
  <ImagePreviewContextMenu_RenameImageItem_Text>Rename image</ImagePreviewContextMenu_RenameImageItem_Text>
  <ImagePreviewContextMenu_MoveImageToNeighbourItem_Text>Move image to neighbour</ImagePreviewContextMenu_MoveImageToNeighbourItem_Text>
</Strings>