﻿<?xml version="1.0" encoding="utf-8"?>
<Strings xmlns:xsi="http://www.w3.org/2001/XMLSchema-instance" xmlns:xsd="http://www.w3.org/2001/XMLSchema">
  <Name>Simplified Chinese</Name>
  <OriginalLanguageName>简体中文</OriginalLanguageName>
  <OkButton_Text>确定</OkButton_Text>
  <CancelButton_Text>取消</CancelButton_Text>
  <StopButton_Text>停止</StopButton_Text>
  <SetDefaultButton_Text>还原为默认值</SetDefaultButton_Text>
  <ErrorMessage_FileAlreadyExists>无法重命名文件，因为与此名称的文件已经存在！</ErrorMessage_FileAlreadyExists>
  <WarningMessage_ChangeFileExtension>你真的想改变文件扩展名？</WarningMessage_ChangeFileExtension>
  <AboutProgramPanel_ShellVersionLabel_Text>外壳版本 - </AboutProgramPanel_ShellVersionLabel_Text>
  <AboutProgramPanel_CoreVersionLabel_Text>核心版本 - </AboutProgramPanel_CoreVersionLabel_Text>
  <AboutProgramPanel_TimeLabel_Text>2002-2012</AboutProgramPanel_TimeLabel_Text>
  <AboutProgramPanel_PlaceLabel_Text>白俄罗斯,明斯克</AboutProgramPanel_PlaceLabel_Text>
  <AboutProgramPanel_AuthorLabel_Text>Yermalayeu Ihar</AboutProgramPanel_AuthorLabel_Text>
  <AboutProgramForm_Text>关于</AboutProgramForm_Text>
  <StartFinishForm_LoadImages_Text>加载图片文件</StartFinishForm_LoadImages_Text>
  <StartFinishForm_LoadMistakes_Text>载入错误文件</StartFinishForm_LoadMistakes_Text>
  <StartFinishForm_LoadResults_Text>载入结果文件</StartFinishForm_LoadResults_Text>
  <StartFinishForm_SaveImages_Text>保存图片文件</StartFinishForm_SaveImages_Text>
  <StartFinishForm_SaveMistakes_Text>保存错误文件</StartFinishForm_SaveMistakes_Text>
  <StartFinishForm_SaveResults_Text>保存结果文件</StartFinishForm_SaveResults_Text>
  <StartFinishForm_ClearResults_Text>删除临时文件</StartFinishForm_ClearResults_Text>
  <CoreOptionsForm_Text>选项</CoreOptionsForm_Text>
  <CoreOptionsForm_SearchTabPage_Text>搜索</CoreOptionsForm_SearchTabPage_Text>
  <CoreOptionsForm_SearchFileTypeGroupBox_Text>搜索类型:</CoreOptionsForm_SearchFileTypeGroupBox_Text>
  <CoreOptionsForm_BmpCheckBox_Text>BMP</CoreOptionsForm_BmpCheckBox_Text>
  <CoreOptionsForm_GifCheckBox_Text>GIF</CoreOptionsForm_GifCheckBox_Text>
  <CoreOptionsForm_JpegCheckBox_Text>JPEG</CoreOptionsForm_JpegCheckBox_Text>
  <CoreOptionsForm_PngCheckBox_Text>PNG</CoreOptionsForm_PngCheckBox_Text>
  <CoreOptionsForm_TiffCheckBox_Text>TIFF</CoreOptionsForm_TiffCheckBox_Text>
  <CoreOptionsForm_EmfCheckBox_Text>EMF</CoreOptionsForm_EmfCheckBox_Text>
  <CoreOptionsForm_WmfCheckBox_Text>WMF</CoreOptionsForm_WmfCheckBox_Text>
  <CoreOptionsForm_ExifCheckBox_Text>EXIF</CoreOptionsForm_ExifCheckBox_Text>
  <CoreOptionsForm_IconCheckBox_Text>ICON</CoreOptionsForm_IconCheckBox_Text>
  <CoreOptionsForm_Jp2CheckBox_Text>JP2</CoreOptionsForm_Jp2CheckBox_Text>
  <CoreOptionsForm_PsdCheckBox_Text>PSD</CoreOptionsForm_PsdCheckBox_Text>
  <CoreOptionsForm_SearchSystemCheckBox_Text>搜索系统文件夹/文件</CoreOptionsForm_SearchSystemCheckBox_Text>
  <CoreOptionsForm_SearchHiddenCheckBox_Text>搜索隐藏文件夹/文件</CoreOptionsForm_SearchHiddenCheckBox_Text>
  <CoreOptionsForm_SearchSubFoldersCheckBox_Text>在子目录中搜索</CoreOptionsForm_SearchSubFoldersCheckBox_Text>
  <CoreOptionsForm_CheckTabPage_Text>检查</CoreOptionsForm_CheckTabPage_Text>
  <CoreOptionsForm_CheckOnDefectCheckBox_Text>检查缺陷</CoreOptionsForm_CheckOnDefectCheckBox_Text>
  <CoreOptionsForm_CheckOnEqualityCheckBox_Text>搜索重复图片</CoreOptionsForm_CheckOnEqualityCheckBox_Text>
  <CoreOptionsForm_TransformedImageCheckBox_Text>查找旋转及镜像的重复图片</CoreOptionsForm_TransformedImageCheckBox_Text>
  <CoreOptionsForm_SizeControlCheckBox_Text>控制图片大小</CoreOptionsForm_SizeControlCheckBox_Text>
  <CoreOptionsForm_TypeControlCheckBox_Text>控制图片类型</CoreOptionsForm_TypeControlCheckBox_Text>
  <CoreOptionsForm_RatioControlCheckBox_Text>控制图片宽度/高度比例</CoreOptionsForm_RatioControlCheckBox_Text>
  <CoreOptionsForm_ThresholdDifferenceLabeledComboBox_Text>阈值差异</CoreOptionsForm_ThresholdDifferenceLabeledComboBox_Text>
  <CoreOptionsForm_MinimalImageSizeLabeledIntegerEdit_Text>最小图片宽度/高度</CoreOptionsForm_MinimalImageSizeLabeledIntegerEdit_Text>
  <CoreOptionsForm_CompareInsideOneFolderCheckBox_Text>从一个文件夹比较与另一个图像</CoreOptionsForm_CompareInsideOneFolderCheckBox_Text>
  <CoreOptionsForm_AdvancedTabPage_Text>高级</CoreOptionsForm_AdvancedTabPage_Text>
  <CoreOptionsForm_DeleteToRecycleBinCheckBox_Text>删除到回收站</CoreOptionsForm_DeleteToRecycleBinCheckBox_Text>
  <CoreOptionsForm_MistakeDataBaseCheckBox_Text>记住错误</CoreOptionsForm_MistakeDataBaseCheckBox_Text>
  <CoreOptionsForm_RatioResolutionLabeledComboBox_Text>图片宽度/高度比例精确度</CoreOptionsForm_RatioResolutionLabeledComboBox_Text>
  <CoreOptionsForm_CompareThreadCountLabeledComboBox_Text>比较线程计数</CoreOptionsForm_CompareThreadCountLabeledComboBox_Text>
  <CoreOptionsForm_CompareThreadCountLabeledComboBox_Description_0>自动</CoreOptionsForm_CompareThreadCountLabeledComboBox_Description_0>
  <CoreOptionsForm_CollectThreadCountLabeledComboBox_Text>加载的线程数</CoreOptionsForm_CollectThreadCountLabeledComboBox_Text>
  <CoreOptionsForm_CollectThreadCountLabeledComboBox_Description_0>自动</CoreOptionsForm_CollectThreadCountLabeledComboBox_Description_0>
  <CoreOptionsForm_ReducedImageSizeLabeledComboBox_Text>标准化图片尺寸</CoreOptionsForm_ReducedImageSizeLabeledComboBox_Text>
  <CoreOptionsForm_UndoQueueSizeLabeledIntegerEdit_Text>复原队列的大小</CoreOptionsForm_UndoQueueSizeLabeledIntegerEdit_Text>
  <CoreOptionsForm_ResultCountMaxLabeledIntegerEdit_Text>最大计数结果</CoreOptionsForm_ResultCountMaxLabeledIntegerEdit_Text>
  <CoreOptionsForm_IgnoreFrameWidthLabeledComboBox_Text>忽略帧图像的宽度</CoreOptionsForm_IgnoreFrameWidthLabeledComboBox_Text>
  <CorePathsForm_Text>路径</CorePathsForm_Text>
  <CorePathsForm_SearchTabPage_Text>搜索</CorePathsForm_SearchTabPage_Text>
  <CorePathsForm_IgnoreTabPage_Text>忽略</CorePathsForm_IgnoreTabPage_Text>
  <CorePathsForm_ValidTabPage_Text>应用</CorePathsForm_ValidTabPage_Text>
  <CorePathsForm_DeleteTabPage_Text>删除</CorePathsForm_DeleteTabPage_Text>
  <CorePathsForm_AddFolderButton_Text>添加文件夹</CorePathsForm_AddFolderButton_Text>
  <CorePathsForm_AddFilesButton_Text>添加文件</CorePathsForm_AddFilesButton_Text>
  <CorePathsForm_ChangeButton_Text>更改</CorePathsForm_ChangeButton_Text>
  <CorePathsForm_RemoveButton_Text>删除</CorePathsForm_RemoveButton_Text>
  <ProgressUtils_Completed>{0}% 完成</ProgressUtils_Completed>
  <ProgressUtils_5HoursRemaining>剩余 {0} 小时</ProgressUtils_5HoursRemaining>
  <ProgressUtils_2HoursRemaining>剩余 {0} 小时</ProgressUtils_2HoursRemaining>
  <ProgressUtils_5MinutesRemaining>剩余 {0} 分钟</ProgressUtils_5MinutesRemaining>
  <ProgressUtils_2MinutesRemaining>剩余 {0} 分钟</ProgressUtils_2MinutesRemaining>
  <ProgressUtils_5SecondsRemaining>剩余 {0} 秒</ProgressUtils_5SecondsRemaining>
  <ProgressForm_DeleteDefect>在选择结果中删除缺陷图片</ProgressForm_DeleteDefect>
  <ProgressForm_DeleteFirst>在选择结果中删除第一张图片</ProgressForm_DeleteFirst>
  <ProgressForm_DeleteSecond>在选择结果中删除第二张图片</ProgressForm_DeleteSecond>
  <ProgressForm_DeleteBoth>在选择结果中删除所有重复图片</ProgressForm_DeleteBoth>
  <ProgressForm_PerformHint>自动处理选择的结果</ProgressForm_PerformHint>
  <ProgressForm_Mistake>标记选择结果为错误</ProgressForm_Mistake>
  <ProgressForm_RenameCurrent>重命名/更换图像</ProgressForm_RenameCurrent>
  <ProgressForm_Refresh>刷新结果</ProgressForm_Refresh>
  <ProgressForm_Undo>行动撤消</ProgressForm_Undo>
  <ProgressForm_Redo>行动重做</ProgressForm_Redo>
  <SearchExecuterForm_Result>结果处理中</SearchExecuterForm_Result>
  <SearchExecuterForm_Search>搜索</SearchExecuterForm_Search>
  <SearchExecuterForm_Stopped>停止搜索</SearchExecuterForm_Stopped>
  <SearchExecuterForm_MinimizeToTaskbarButton_Text>最小化</SearchExecuterForm_MinimizeToTaskbarButton_Text>
  <SearchExecuterForm_MinimizeToSystrayButton_Text>后台模式</SearchExecuterForm_MinimizeToSystrayButton_Text>
  <ResultsPreviewBase_NextButton_ToolTip_Text>下个结果</ResultsPreviewBase_NextButton_ToolTip_Text>
  <ResultsPreviewBase_PreviousButton_ToolTip_Text>上个结果</ResultsPreviewBase_PreviousButton_ToolTip_Text>
  <ResultsPreviewDuplPair_DeleteFirstButton_ToolTip_Text>删除第一张图片</ResultsPreviewDuplPair_DeleteFirstButton_ToolTip_Text>
  <ResultsPreviewDuplPair_DeleteSecondButton_ToolTip_Text>删除第二张图片</ResultsPreviewDuplPair_DeleteSecondButton_ToolTip_Text>
  <ResultsPreviewDuplPair_DeleteBothButton_ToolTip_Text>同时删除两图片</ResultsPreviewDuplPair_DeleteBothButton_ToolTip_Text>
  <ResultsPreviewDuplPair_RenameFirstToSecondButton_ToolTip_Text>以第一张图片替换第二张图片</ResultsPreviewDuplPair_RenameFirstToSecondButton_ToolTip_Text>
  <ResultsPreviewDuplPair_RenameSecondToFirstButton_ToolTip_Text>以第二张图片替换第一张图片</ResultsPreviewDuplPair_RenameSecondToFirstButton_ToolTip_Text>
  <ResultsPreviewDuplPair_MistakeButton_ToolTip_Text>标记当前结果为错误</ResultsPreviewDuplPair_MistakeButton_ToolTip_Text>
  <ResultsPreviewDefect_DeleteButton_ToolTip_Text>删除图片</ResultsPreviewDefect_DeleteButton_ToolTip_Text>
  <ResultsPreviewDefect_MistakeButton_ToolTip_Text>标记当前结果为错误</ResultsPreviewDefect_MistakeButton_ToolTip_Text>
  <ResultRowSetter_DefectIcon_ToolTip_Text>缺陷图片</ResultRowSetter_DefectIcon_ToolTip_Text>
  <ResultRowSetter_DuplPairIcon_ToolTip_Text>配对图片</ResultRowSetter_DuplPairIcon_ToolTip_Text>
  <ResultRowSetter_UnknownDefectIcon_ToolTip_Text>未知的缺陷</ResultRowSetter_UnknownDefectIcon_ToolTip_Text>
  <ResultRowSetter_JpegEndMarkerIsAbsentIcon_ToolTip_Text>JPEG 文件缺少结束标记</ResultRowSetter_JpegEndMarkerIsAbsentIcon_ToolTip_Text>
  <ResultRowSetter_DeleteDefectIcon_ToolTip_Text>删除图片</ResultRowSetter_DeleteDefectIcon_ToolTip_Text>
  <ResultRowSetter_DeleteFirstIcon_ToolTip_Text>删除第一张图片</ResultRowSetter_DeleteFirstIcon_ToolTip_Text>
  <ResultRowSetter_DeleteSecondIcon_ToolTip_Text>删除第二张图片</ResultRowSetter_DeleteSecondIcon_ToolTip_Text>
  <ResultRowSetter_RenameFirstToSecondIcon_ToolTip_Text>以第一张图片替换第二张图片</ResultRowSetter_RenameFirstToSecondIcon_ToolTip_Text>
  <ResultRowSetter_RenameSecondToFirstIcon_ToolTip_Text>以第二张图片替换第一张图片</ResultRowSetter_RenameSecondToFirstIcon_ToolTip_Text>
  <ResultRowSetter_Turn_0_Icon_ToolTip_Text>原始的</ResultRowSetter_Turn_0_Icon_ToolTip_Text>
  <ResultRowSetter_Turn_90_Icon_ToolTip_Text>旋转 90°</ResultRowSetter_Turn_90_Icon_ToolTip_Text>
  <ResultRowSetter_Turn_180_Icon_ToolTip_Text>旋转 180°</ResultRowSetter_Turn_180_Icon_ToolTip_Text>
  <ResultRowSetter_Turn_270_Icon_ToolTip_Text>旋转 270°</ResultRowSetter_Turn_270_Icon_ToolTip_Text>
  <ResultRowSetter_MirrorTurn_0_Icon_ToolTip_Text>水平翻转</ResultRowSetter_MirrorTurn_0_Icon_ToolTip_Text>
  <ResultRowSetter_MirrorTurn_90_Icon_ToolTip_Text>水平翻转和旋转 90°</ResultRowSetter_MirrorTurn_90_Icon_ToolTip_Text>
  <ResultRowSetter_MirrorTurn_180_Icon_ToolTip_Text>水平翻转和旋转 180°</ResultRowSetter_MirrorTurn_180_Icon_ToolTip_Text>
  <ResultRowSetter_MirrorTurn_270_Icon_ToolTip_Text>水平翻转和旋转 270°</ResultRowSetter_MirrorTurn_270_Icon_ToolTip_Text>
  <ResultsListView_Type_Column_Text>类型</ResultsListView_Type_Column_Text>
  <ResultsListView_Group_Column_Text>图组</ResultsListView_Group_Column_Text>
  <ResultsListView_Difference_Column_Text>差异</ResultsListView_Difference_Column_Text>
  <ResultsListView_Defect_Column_Text>缺陷类型</ResultsListView_Defect_Column_Text>
  <ResultsListView_Transform_Column_Text>转换</ResultsListView_Transform_Column_Text>
  <ResultsListView_Hint_Column_Text>提示</ResultsListView_Hint_Column_Text>
  <ResultsListView_FileName_Column_Text>名称</ResultsListView_FileName_Column_Text>
  <ResultsListView_FileDirectory_Column_Text>在文件夹</ResultsListView_FileDirectory_Column_Text>
  <ResultsListView_ImageSize_Column_Text>尺寸</ResultsListView_ImageSize_Column_Text>
  <ResultsListView_ImageType_Column_Text>图片类型</ResultsListView_ImageType_Column_Text>
  <ResultsListView_FileSize_Column_Text>大小</ResultsListView_FileSize_Column_Text>
  <ResultsListView_FileTime_Column_Text>修改日期</ResultsListView_FileTime_Column_Text>
  <ResultsListView_FirstFileName_Column_Text>名称1</ResultsListView_FirstFileName_Column_Text>
  <ResultsListView_FirstFileDirectory_Column_Text>文件夹1</ResultsListView_FirstFileDirectory_Column_Text>
  <ResultsListView_FirstImageSize_Column_Text>尺寸1</ResultsListView_FirstImageSize_Column_Text>
  <ResultsListView_FirstImageType_Column_Text>图片类型1</ResultsListView_FirstImageType_Column_Text>
  <ResultsListView_FirstFileSize_Column_Text>大小1</ResultsListView_FirstFileSize_Column_Text>
  <ResultsListView_FirstFileTime_Column_Text>第一次修改日期1</ResultsListView_FirstFileTime_Column_Text>
  <ResultsListView_SecondFileName_Column_Text>名称2</ResultsListView_SecondFileName_Column_Text>
  <ResultsListView_SecondFileDirectory_Column_Text>文件夹2</ResultsListView_SecondFileDirectory_Column_Text>
  <ResultsListView_SecondImageSize_Column_Text>尺寸2</ResultsListView_SecondImageSize_Column_Text>
  <ResultsListView_SecondImageType_Column_Text>图片类型2</ResultsListView_SecondImageType_Column_Text>
  <ResultsListView_SecondFileSize_Column_Text>大小2</ResultsListView_SecondFileSize_Column_Text>
  <ResultsListView_SecondFileTime_Column_Text>修改日期2</ResultsListView_SecondFileTime_Column_Text>
  <ResultsListViewContextMenu_DeleteDefectItem_Text>在选择结果中删除缺陷图片</ResultsListViewContextMenu_DeleteDefectItem_Text>
  <ResultsListViewContextMenu_DeleteFirstItem_Text>在选择结果中删除第一张图片</ResultsListViewContextMenu_DeleteFirstItem_Text>
  <ResultsListViewContextMenu_DeleteSecondItem_Text>在选择结果中删除第二张图片</ResultsListViewContextMenu_DeleteSecondItem_Text>
  <ResultsListViewContextMenu_DeleteBothItem_Text>在选择结果中删除所有重复图片</ResultsListViewContextMenu_DeleteBothItem_Text>
  <ResultsListViewContextMenu_MistakeItem_Text>标记选择结果为错误</ResultsListViewContextMenu_MistakeItem_Text>
  <ResultsListViewContextMenu_PerformHintItem_Text>自动处理选择结果</ResultsListViewContextMenu_PerformHintItem_Text>
  <MainStatusStrip_TotalLabel_Text>总计: </MainStatusStrip_TotalLabel_Text>
  <MainStatusStrip_CurrentLabel_Text>当前: </MainStatusStrip_CurrentLabel_Text>
  <MainStatusStrip_SelectedLabel_Text>选择: </MainStatusStrip_SelectedLabel_Text>
  <MainMenu_FileMenuItem_Text>文件</MainMenu_FileMenuItem_Text>
  <MainMenu_File_SaveMenuItem_Text>保存结果</MainMenu_File_SaveMenuItem_Text>
  <MainMenu_File_LoadMenuItem_Text>加载结果</MainMenu_File_LoadMenuItem_Text>
  <MainMenu_File_ExitMenuItem_Text>退出</MainMenu_File_ExitMenuItem_Text>
  <MainMenu_EditMenuItem_Text>编辑</MainMenu_EditMenuItem_Text>
  <MainMenu_Edit_UndoMenuItem_Text>复原 (Ctrl-Z)</MainMenu_Edit_UndoMenuItem_Text>
  <MainMenu_Edit_RedoMenuItem_Text>重做 (Ctrl-Y)</MainMenu_Edit_RedoMenuItem_Text>
  <MainMenu_Edit_SelectAllMenuItem_Text>全选 (Ctrl-A)</MainMenu_Edit_SelectAllMenuItem_Text>
  <MainMenu_ViewMenuItem_Text>查看</MainMenu_ViewMenuItem_Text>
  <MainMenu_View_ToolMenuItem_Text>工具栏</MainMenu_View_ToolMenuItem_Text>
  <MainMenu_View_StatusMenuItem_Text>状态栏</MainMenu_View_StatusMenuItem_Text>
  <MainMenu_View_SelectColumnsMenuItem_Text>选择列</MainMenu_View_SelectColumnsMenuItem_Text>
  <MainMenu_View_HotKeysMenuItem_Text>热键</MainMenu_View_HotKeysMenuItem_Text>
  <MainMenu_View_StretchSmallImagesMenuItem_Text>拉伸小图片</MainMenu_View_StretchSmallImagesMenuItem_Text>
  <MainMenu_View_ProportionalImageSizeMenuItem_Text>图片的比例</MainMenu_View_ProportionalImageSizeMenuItem_Text>
  <MainMenu_SearchMenuItem_Text>搜索</MainMenu_SearchMenuItem_Text>
  <MainMenu_Search_StartMenuItem_Text>开始搜索</MainMenu_Search_StartMenuItem_Text>
  <MainMenu_Search_RefreshMenuItem_Text>刷新结果</MainMenu_Search_RefreshMenuItem_Text>
  <MainMenu_Search_PathsMenuItem_Text>路径</MainMenu_Search_PathsMenuItem_Text>
  <MainMenu_Search_OptionsMenuItem_Text>选项</MainMenu_Search_OptionsMenuItem_Text>
  <MainMenu_Search_OnePathMenuItem_Text>一个搜索路径</MainMenu_Search_OnePathMenuItem_Text>
  <MainMenu_Search_UseImageDataBaseMenuItem_Text>使用图像数据库</MainMenu_Search_UseImageDataBaseMenuItem_Text>
  <MainMenu_HelpMenuItem_Text>帮助</MainMenu_HelpMenuItem_Text>
  <MainMenu_Help_HelpMenuItem_Text>帮助</MainMenu_Help_HelpMenuItem_Text>
  <MainMenu_Help_AboutProgramMenuItem_Text>关于</MainMenu_Help_AboutProgramMenuItem_Text>
  <MainMenu_Help_CheckingForUpdatesMenuItem_Text>检查更新</MainMenu_Help_CheckingForUpdatesMenuItem_Text>
  <MainMenu_NewVersionMenuItem_Text>新版本</MainMenu_NewVersionMenuItem_Text>
  <MainMenu_NewVersionMenuItem_Tooltip>网站上有可用的更新版AntiDupl.NET-{0} !</MainMenu_NewVersionMenuItem_Tooltip>
  <SelectHotKeysForm_InvalidHotKeyToolTipText>此热键已被其它程序所使用.</SelectHotKeysForm_InvalidHotKeyToolTipText>
  <LanguageMenuItem_Text>语言</LanguageMenuItem_Text>
  <OrientationMenuItem_Text>方向</OrientationMenuItem_Text>
  <OrientationMenuItem_VerticalMenuItem_Text>垂直</OrientationMenuItem_VerticalMenuItem_Text>
  <OrientationMenuItem_HorizontalMenuItem_Text>水平</OrientationMenuItem_HorizontalMenuItem_Text>
  <ImagePreviewContextMenu_CopyPathItem_Text>复制路径</ImagePreviewContextMenu_CopyPathItem_Text>
  <ImagePreviewContextMenu_OpenImageItem_Text>打开图片</ImagePreviewContextMenu_OpenImageItem_Text>
  <ImagePreviewContextMenu_OpenFolderItem_Text>打开图片所在文件夹</ImagePreviewContextMenu_OpenFolderItem_Text>
  <ImagePreviewContextMenu_RenameImageItem_Text>重命名图片</ImagePreviewContextMenu_RenameImageItem_Text>
  <ImagePreviewContextMenu_MoveImageToNeighbourItem_Text>移动图像到邻居</ImagePreviewContextMenu_MoveImageToNeighbourItem_Text>
</Strings>