﻿<?xml version="1.0" encoding="utf-8"?>
<Strings xmlns:xsi="http://www.w3.org/2001/XMLSchema-instance" xmlns:xsd="http://www.w3.org/2001/XMLSchema">
  <Name>Traditional Chinese</Name>
  <OriginalLanguageName>繁體中文</OriginalLanguageName>
  <OkButton_Text>確定</OkButton_Text>
  <CancelButton_Text>取消</CancelButton_Text>
  <StopButton_Text>停止</StopButton_Text>
  <SetDefaultButton_Text>還原為預設值</SetDefaultButton_Text>
  <ErrorMessage_FileAlreadyExists>無法重新命名檔案，因為與此名稱的檔案已經存在！</ErrorMessage_FileAlreadyExists>
  <WarningMessage_ChangeFileExtension>您真的想改變檔案副檔名？</WarningMessage_ChangeFileExtension>
  <AboutProgramPanel_ShellVersionLabel_Text>外殼版本 - </AboutProgramPanel_ShellVersionLabel_Text>
  <AboutProgramPanel_CoreVersionLabel_Text>核心版本核心版本 - </AboutProgramPanel_CoreVersionLabel_Text>
  <AboutProgramPanel_TimeLabel_Text>2002-2012</AboutProgramPanel_TimeLabel_Text>
  <AboutProgramPanel_PlaceLabel_Text>白俄羅斯,明斯克</AboutProgramPanel_PlaceLabel_Text>
  <AboutProgramPanel_AuthorLabel_Text>Yermalayeu Ihar</AboutProgramPanel_AuthorLabel_Text>
  <AboutProgramForm_Text>關於</AboutProgramForm_Text>
  <StartFinishForm_LoadImages_Text>載入圖片檔案</StartFinishForm_LoadImages_Text>
  <StartFinishForm_LoadMistakes_Text>載入錯誤檔案</StartFinishForm_LoadMistakes_Text>
  <StartFinishForm_LoadResults_Text>載入結果檔案</StartFinishForm_LoadResults_Text>
  <StartFinishForm_SaveImages_Text>儲存圖片檔案</StartFinishForm_SaveImages_Text>
  <StartFinishForm_SaveMistakes_Text>儲存錯誤檔案</StartFinishForm_SaveMistakes_Text>
  <StartFinishForm_SaveResults_Text>儲存結果檔案</StartFinishForm_SaveResults_Text>
  <StartFinishForm_ClearResults_Text>刪除暫存檔</StartFinishForm_ClearResults_Text>
  <CoreOptionsForm_Text>選項</CoreOptionsForm_Text>
  <CoreOptionsForm_SearchTabPage_Text>搜尋</CoreOptionsForm_SearchTabPage_Text>
  <CoreOptionsForm_SearchFileTypeGroupBox_Text>搜尋類型:</CoreOptionsForm_SearchFileTypeGroupBox_Text>
  <CoreOptionsForm_BmpCheckBox_Text>BMP</CoreOptionsForm_BmpCheckBox_Text>
  <CoreOptionsForm_GifCheckBox_Text>GIF</CoreOptionsForm_GifCheckBox_Text>
  <CoreOptionsForm_JpegCheckBox_Text>JPEG</CoreOptionsForm_JpegCheckBox_Text>
  <CoreOptionsForm_PngCheckBox_Text>PNG</CoreOptionsForm_PngCheckBox_Text>
  <CoreOptionsForm_TiffCheckBox_Text>TIFF</CoreOptionsForm_TiffCheckBox_Text>
  <CoreOptionsForm_EmfCheckBox_Text>EMF</CoreOptionsForm_EmfCheckBox_Text>
  <CoreOptionsForm_WmfCheckBox_Text>WMF</CoreOptionsForm_WmfCheckBox_Text>
  <CoreOptionsForm_ExifCheckBox_Text>EXIF</CoreOptionsForm_ExifCheckBox_Text>
  <CoreOptionsForm_IconCheckBox_Text>ICON</CoreOptionsForm_IconCheckBox_Text>
  <CoreOptionsForm_Jp2CheckBox_Text>JP2</CoreOptionsForm_Jp2CheckBox_Text>
  <CoreOptionsForm_PsdCheckBox_Text>PSD</CoreOptionsForm_PsdCheckBox_Text>
  <CoreOptionsForm_SearchSystemCheckBox_Text>搜尋系統資料夾/檔案</CoreOptionsForm_SearchSystemCheckBox_Text>
  <CoreOptionsForm_SearchHiddenCheckBox_Text>搜尋隱藏資料夾/檔案</CoreOptionsForm_SearchHiddenCheckBox_Text>
  <CoreOptionsForm_SearchSubFoldersCheckBox_Text>在子目錄中搜尋</CoreOptionsForm_SearchSubFoldersCheckBox_Text>
  <CoreOptionsForm_CheckTabPage_Text>檢查</CoreOptionsForm_CheckTabPage_Text>
  <CoreOptionsForm_CheckOnDefectCheckBox_Text>檢查缺陷</CoreOptionsForm_CheckOnDefectCheckBox_Text>
  <CoreOptionsForm_CheckOnEqualityCheckBox_Text>搜尋重複圖片</CoreOptionsForm_CheckOnEqualityCheckBox_Text>
  <CoreOptionsForm_TransformedImageCheckBox_Text>尋找旋轉及映像檔的重複圖片</CoreOptionsForm_TransformedImageCheckBox_Text>
  <CoreOptionsForm_SizeControlCheckBox_Text>控制圖片大小</CoreOptionsForm_SizeControlCheckBox_Text>
  <CoreOptionsForm_TypeControlCheckBox_Text>控制圖片類型</CoreOptionsForm_TypeControlCheckBox_Text>
  <CoreOptionsForm_RatioControlCheckBox_Text>控制圖片寬度/高度比例</CoreOptionsForm_RatioControlCheckBox_Text>
  <CoreOptionsForm_ThresholdDifferenceLabeledComboBox_Text>閾值差異</CoreOptionsForm_ThresholdDifferenceLabeledComboBox_Text>
  <CoreOptionsForm_MinimalImageSizeLabeledIntegerEdit_Text>最小圖片寬度/高度</CoreOptionsForm_MinimalImageSizeLabeledIntegerEdit_Text>
  <CoreOptionsForm_CompareInsideOneFolderCheckBox_Text>從一個資料夾比對另一個圖片</CoreOptionsForm_CompareInsideOneFolderCheckBox_Text>
  <CoreOptionsForm_AdvancedTabPage_Text>進階</CoreOptionsForm_AdvancedTabPage_Text>
  <CoreOptionsForm_DeleteToRecycleBinCheckBox_Text>刪除到資源回收筒</CoreOptionsForm_DeleteToRecycleBinCheckBox_Text>
  <CoreOptionsForm_MistakeDataBaseCheckBox_Text>記住錯誤</CoreOptionsForm_MistakeDataBaseCheckBox_Text>
  <CoreOptionsForm_RatioResolutionLabeledComboBox_Text>圖片寬度/高度比例精確度</CoreOptionsForm_RatioResolutionLabeledComboBox_Text>
  <CoreOptionsForm_CompareThreadCountLabeledComboBox_Text>比較執行緒計數</CoreOptionsForm_CompareThreadCountLabeledComboBox_Text>
  <CoreOptionsForm_CompareThreadCountLabeledComboBox_Description_0>自動</CoreOptionsForm_CompareThreadCountLabeledComboBox_Description_0>
  <CoreOptionsForm_CollectThreadCountLabeledComboBox_Text>載入的執行緒數</CoreOptionsForm_CollectThreadCountLabeledComboBox_Text>
  <CoreOptionsForm_CollectThreadCountLabeledComboBox_Description_0>自動</CoreOptionsForm_CollectThreadCountLabeledComboBox_Description_0>
  <CoreOptionsForm_ReducedImageSizeLabeledComboBox_Text>標準化圖片尺寸</CoreOptionsForm_ReducedImageSizeLabeledComboBox_Text>
  <CoreOptionsForm_UndoQueueSizeLabeledIntegerEdit_Text>復原佇列的大小</CoreOptionsForm_UndoQueueSizeLabeledIntegerEdit_Text>
  <CoreOptionsForm_ResultCountMaxLabeledIntegerEdit_Text>最大計數結果</CoreOptionsForm_ResultCountMaxLabeledIntegerEdit_Text>
  <CoreOptionsForm_IgnoreFrameWidthLabeledComboBox_Text>忽略影格圖像的寬度</CoreOptionsForm_IgnoreFrameWidthLabeledComboBox_Text>
  <CorePathsForm_Text>路徑</CorePathsForm_Text>
  <CorePathsForm_SearchTabPage_Text>搜尋</CorePathsForm_SearchTabPage_Text>
  <CorePathsForm_IgnoreTabPage_Text>忽略</CorePathsForm_IgnoreTabPage_Text>
  <CorePathsForm_ValidTabPage_Text>套用</CorePathsForm_ValidTabPage_Text>
  <CorePathsForm_DeleteTabPage_Text>刪除</CorePathsForm_DeleteTabPage_Text>
  <CorePathsForm_AddFolderButton_Text>新增資料夾</CorePathsForm_AddFolderButton_Text>
  <CorePathsForm_AddFilesButton_Text>新增檔案</CorePathsForm_AddFilesButton_Text>
  <CorePathsForm_ChangeButton_Text>變更</CorePathsForm_ChangeButton_Text>
  <CorePathsForm_RemoveButton_Text>刪除</CorePathsForm_RemoveButton_Text>
  <ProgressUtils_Completed>{0}% 完成</ProgressUtils_Completed>
  <ProgressUtils_5HoursRemaining>剩餘 {0} 小時</ProgressUtils_5HoursRemaining>
  <ProgressUtils_2HoursRemaining>剩餘 {0} 小時</ProgressUtils_2HoursRemaining>
  <ProgressUtils_5MinutesRemaining>剩餘 {0} 分鐘</ProgressUtils_5MinutesRemaining>
  <ProgressUtils_2MinutesRemaining>剩餘 {0} 分鐘</ProgressUtils_2MinutesRemaining>
  <ProgressUtils_5SecondsRemaining>剩餘 {0} 秒</ProgressUtils_5SecondsRemaining>
  <ProgressForm_DeleteDefect>在選擇結果中刪除缺陷圖片</ProgressForm_DeleteDefect>
  <ProgressForm_DeleteFirst>在選擇結果中刪除第一張圖片</ProgressForm_DeleteFirst>
  <ProgressForm_DeleteSecond>在選擇結果中刪除第二張圖片</ProgressForm_DeleteSecond>
  <ProgressForm_DeleteBoth>在選擇結果中刪除全部重複圖片</ProgressForm_DeleteBoth>
  <ProgressForm_PerformHint>自動處理選擇的結果</ProgressForm_PerformHint>
  <ProgressForm_Mistake>標示選擇結果為錯誤</ProgressForm_Mistake>
  <ProgressForm_RenameCurrent>重新命名/更換圖像</ProgressForm_RenameCurrent>
  <ProgressForm_Refresh>重整結果</ProgressForm_Refresh>
  <ProgressForm_Undo>行動復原</ProgressForm_Undo>
  <ProgressForm_Redo>行動重做</ProgressForm_Redo>
  <SearchExecuterForm_Result>結果處理中</SearchExecuterForm_Result>
  <SearchExecuterForm_Search>搜尋</SearchExecuterForm_Search>
  <SearchExecuterForm_Stopped>停止搜尋</SearchExecuterForm_Stopped>
  <SearchExecuterForm_MinimizeToTaskbarButton_Text>最小化</SearchExecuterForm_MinimizeToTaskbarButton_Text>
  <SearchExecuterForm_MinimizeToSystrayButton_Text>背景模式</SearchExecuterForm_MinimizeToSystrayButton_Text>
  <ResultsPreviewBase_NextButton_ToolTip_Text>下個結果</ResultsPreviewBase_NextButton_ToolTip_Text>
  <ResultsPreviewBase_PreviousButton_ToolTip_Text>上個結果</ResultsPreviewBase_PreviousButton_ToolTip_Text>
  <ResultsPreviewDuplPair_DeleteFirstButton_ToolTip_Text>刪除第一張圖片</ResultsPreviewDuplPair_DeleteFirstButton_ToolTip_Text>
  <ResultsPreviewDuplPair_DeleteSecondButton_ToolTip_Text>刪除第二張圖片</ResultsPreviewDuplPair_DeleteSecondButton_ToolTip_Text>
  <ResultsPreviewDuplPair_DeleteBothButton_ToolTip_Text>同时删除两图片</ResultsPreviewDuplPair_DeleteBothButton_ToolTip_Text>
  <ResultsPreviewDuplPair_RenameFirstToSecondButton_ToolTip_Text>以第一張圖片取代第二張圖片</ResultsPreviewDuplPair_RenameFirstToSecondButton_ToolTip_Text>
  <ResultsPreviewDuplPair_RenameSecondToFirstButton_ToolTip_Text>以第二張圖片取代第一張圖片</ResultsPreviewDuplPair_RenameSecondToFirstButton_ToolTip_Text>
  <ResultsPreviewDuplPair_MistakeButton_ToolTip_Text>標示目前結果為錯誤</ResultsPreviewDuplPair_MistakeButton_ToolTip_Text>
  <ResultsPreviewDefect_DeleteButton_ToolTip_Text>刪除圖片</ResultsPreviewDefect_DeleteButton_ToolTip_Text>
  <ResultsPreviewDefect_MistakeButton_ToolTip_Text>標示目前結果為錯誤</ResultsPreviewDefect_MistakeButton_ToolTip_Text>
  <ResultRowSetter_DefectIcon_ToolTip_Text>缺陷圖片</ResultRowSetter_DefectIcon_ToolTip_Text>
  <ResultRowSetter_DuplPairIcon_ToolTip_Text>配對圖片</ResultRowSetter_DuplPairIcon_ToolTip_Text>
  <ResultRowSetter_UnknownDefectIcon_ToolTip_Text>未知的缺陷</ResultRowSetter_UnknownDefectIcon_ToolTip_Text>
  <ResultRowSetter_JpegEndMarkerIsAbsentIcon_ToolTip_Text>JPEG 檔案缺少結束標示</ResultRowSetter_JpegEndMarkerIsAbsentIcon_ToolTip_Text>
  <ResultRowSetter_DeleteDefectIcon_ToolTip_Text>刪除圖片</ResultRowSetter_DeleteDefectIcon_ToolTip_Text>
  <ResultRowSetter_DeleteFirstIcon_ToolTip_Text>刪除第一張圖片</ResultRowSetter_DeleteFirstIcon_ToolTip_Text>
  <ResultRowSetter_DeleteSecondIcon_ToolTip_Text>刪除第二張圖片</ResultRowSetter_DeleteSecondIcon_ToolTip_Text>
  <ResultRowSetter_RenameFirstToSecondIcon_ToolTip_Text>以第一張圖片取代第二張圖片</ResultRowSetter_RenameFirstToSecondIcon_ToolTip_Text>
  <ResultRowSetter_RenameSecondToFirstIcon_ToolTip_Text>以第二張圖片取代第一張圖片</ResultRowSetter_RenameSecondToFirstIcon_ToolTip_Text>
  <ResultRowSetter_Turn_0_Icon_ToolTip_Text>原始的</ResultRowSetter_Turn_0_Icon_ToolTip_Text>
  <ResultRowSetter_Turn_90_Icon_ToolTip_Text>旋轉 90°</ResultRowSetter_Turn_90_Icon_ToolTip_Text>
  <ResultRowSetter_Turn_180_Icon_ToolTip_Text>旋轉 180°</ResultRowSetter_Turn_180_Icon_ToolTip_Text>
  <ResultRowSetter_Turn_270_Icon_ToolTip_Text>旋轉 270°</ResultRowSetter_Turn_270_Icon_ToolTip_Text>
  <ResultRowSetter_MirrorTurn_0_Icon_ToolTip_Text>水平翻轉</ResultRowSetter_MirrorTurn_0_Icon_ToolTip_Text>
  <ResultRowSetter_MirrorTurn_90_Icon_ToolTip_Text>水平翻轉和旋轉 90°</ResultRowSetter_MirrorTurn_90_Icon_ToolTip_Text>
  <ResultRowSetter_MirrorTurn_180_Icon_ToolTip_Text>水平翻轉和旋轉 180°</ResultRowSetter_MirrorTurn_180_Icon_ToolTip_Text>
  <ResultRowSetter_MirrorTurn_270_Icon_ToolTip_Text>水平翻轉和旋轉 270°</ResultRowSetter_MirrorTurn_270_Icon_ToolTip_Text>
  <ResultsListView_Type_Column_Text>類型</ResultsListView_Type_Column_Text>
  <ResultsListView_Group_Column_Text>圖組</ResultsListView_Group_Column_Text>
  <ResultsListView_Difference_Column_Text>差異</ResultsListView_Difference_Column_Text>
  <ResultsListView_Defect_Column_Text>缺陷類型</ResultsListView_Defect_Column_Text>
  <ResultsListView_Transform_Column_Text>轉換</ResultsListView_Transform_Column_Text>
  <ResultsListView_Hint_Column_Text>提示</ResultsListView_Hint_Column_Text>
  <ResultsListView_FileName_Column_Text>名稱</ResultsListView_FileName_Column_Text>
  <ResultsListView_FileDirectory_Column_Text>在資料夾</ResultsListView_FileDirectory_Column_Text>
  <ResultsListView_ImageSize_Column_Text>尺寸</ResultsListView_ImageSize_Column_Text>
  <ResultsListView_ImageType_Column_Text>圖片類型</ResultsListView_ImageType_Column_Text>
  <ResultsListView_FileSize_Column_Text>大小</ResultsListView_FileSize_Column_Text>
  <ResultsListView_FileTime_Column_Text>修改日期</ResultsListView_FileTime_Column_Text>
  <ResultsListView_FirstFileName_Column_Text>名稱1</ResultsListView_FirstFileName_Column_Text>
  <ResultsListView_FirstFileDirectory_Column_Text>資料夾1</ResultsListView_FirstFileDirectory_Column_Text>
  <ResultsListView_FirstImageSize_Column_Text>尺寸1</ResultsListView_FirstImageSize_Column_Text>
  <ResultsListView_FirstImageType_Column_Text>圖片類型1</ResultsListView_FirstImageType_Column_Text>
  <ResultsListView_FirstFileSize_Column_Text>大小1</ResultsListView_FirstFileSize_Column_Text>
  <ResultsListView_FirstFileTime_Column_Text>第一次修改日期1</ResultsListView_FirstFileTime_Column_Text>
  <ResultsListView_SecondFileName_Column_Text>名稱2</ResultsListView_SecondFileName_Column_Text>
  <ResultsListView_SecondFileDirectory_Column_Text>文件夹2</ResultsListView_SecondFileDirectory_Column_Text>
  <ResultsListView_SecondImageSize_Column_Text>尺寸2</ResultsListView_SecondImageSize_Column_Text>
  <ResultsListView_SecondImageType_Column_Text>圖片類型2</ResultsListView_SecondImageType_Column_Text>
  <ResultsListView_SecondFileSize_Column_Text>大小2</ResultsListView_SecondFileSize_Column_Text>
  <ResultsListView_SecondFileTime_Column_Text>修改日期2</ResultsListView_SecondFileTime_Column_Text>
  <ResultsListViewContextMenu_DeleteDefectItem_Text>在選擇結果中刪除缺陷圖片</ResultsListViewContextMenu_DeleteDefectItem_Text>
  <ResultsListViewContextMenu_DeleteFirstItem_Text>在選擇結果中刪除第一張圖片</ResultsListViewContextMenu_DeleteFirstItem_Text>
  <ResultsListViewContextMenu_DeleteSecondItem_Text>在選擇結果中刪除第二張圖片</ResultsListViewContextMenu_DeleteSecondItem_Text>
  <ResultsListViewContextMenu_DeleteBothItem_Text>在選擇結果中刪除全部重複圖片</ResultsListViewContextMenu_DeleteBothItem_Text>
  <ResultsListViewContextMenu_MistakeItem_Text>标記選擇結果為錯誤</ResultsListViewContextMenu_MistakeItem_Text>
  <ResultsListViewContextMenu_PerformHintItem_Text>自動處理選擇結果</ResultsListViewContextMenu_PerformHintItem_Text>
  <MainStatusStrip_TotalLabel_Text>總計: </MainStatusStrip_TotalLabel_Text>
  <MainStatusStrip_CurrentLabel_Text>目前: </MainStatusStrip_CurrentLabel_Text>
  <MainStatusStrip_SelectedLabel_Text>選擇: </MainStatusStrip_SelectedLabel_Text>
  <MainMenu_FileMenuItem_Text>檔案</MainMenu_FileMenuItem_Text>
  <MainMenu_File_SaveMenuItem_Text>儲存結果</MainMenu_File_SaveMenuItem_Text>
  <MainMenu_File_LoadMenuItem_Text>載入結果</MainMenu_File_LoadMenuItem_Text>
  <MainMenu_File_ExitMenuItem_Text>離開</MainMenu_File_ExitMenuItem_Text>
  <MainMenu_EditMenuItem_Text>編輯</MainMenu_EditMenuItem_Text>
  <MainMenu_Edit_UndoMenuItem_Text>復原 (Ctrl-Z)</MainMenu_Edit_UndoMenuItem_Text>
  <MainMenu_Edit_RedoMenuItem_Text>重做 (Ctrl-Y)</MainMenu_Edit_RedoMenuItem_Text>
  <MainMenu_Edit_SelectAllMenuItem_Text>全選 (Ctrl-A)</MainMenu_Edit_SelectAllMenuItem_Text>
  <MainMenu_ViewMenuItem_Text>檢視</MainMenu_ViewMenuItem_Text>
  <MainMenu_View_ToolMenuItem_Text>工具列</MainMenu_View_ToolMenuItem_Text>
  <MainMenu_View_StatusMenuItem_Text>狀態列</MainMenu_View_StatusMenuItem_Text>
  <MainMenu_View_SelectColumnsMenuItem_Text>選擇列</MainMenu_View_SelectColumnsMenuItem_Text>
  <MainMenu_View_HotKeysMenuItem_Text>快速鍵</MainMenu_View_HotKeysMenuItem_Text>
  <MainMenu_View_StretchSmallImagesMenuItem_Text>延展小圖片</MainMenu_View_StretchSmallImagesMenuItem_Text>
  <MainMenu_View_ProportionalImageSizeMenuItem_Text>圖片的比例</MainMenu_View_ProportionalImageSizeMenuItem_Text>
  <MainMenu_SearchMenuItem_Text>搜尋</MainMenu_SearchMenuItem_Text>
  <MainMenu_Search_StartMenuItem_Text>開始搜尋</MainMenu_Search_StartMenuItem_Text>
  <MainMenu_Search_RefreshMenuItem_Text>重整結果</MainMenu_Search_RefreshMenuItem_Text>
  <MainMenu_Search_PathsMenuItem_Text>路徑</MainMenu_Search_PathsMenuItem_Text>
  <MainMenu_Search_OptionsMenuItem_Text>選項</MainMenu_Search_OptionsMenuItem_Text>
  <MainMenu_Search_OnePathMenuItem_Text>一個搜尋路徑</MainMenu_Search_OnePathMenuItem_Text>
  <MainMenu_Search_UseImageDataBaseMenuItem_Text>使用圖像資料庫</MainMenu_Search_UseImageDataBaseMenuItem_Text>
  <MainMenu_HelpMenuItem_Text>說明</MainMenu_HelpMenuItem_Text>
  <MainMenu_Help_HelpMenuItem_Text>說明</MainMenu_Help_HelpMenuItem_Text>
  <MainMenu_Help_AboutProgramMenuItem_Text>關於</MainMenu_Help_AboutProgramMenuItem_Text>
  <MainMenu_Help_CheckingForUpdatesMenuItem_Text>檢查更新</MainMenu_Help_CheckingForUpdatesMenuItem_Text>
  <MainMenu_NewVersionMenuItem_Text>新版本</MainMenu_NewVersionMenuItem_Text>
  <MainMenu_NewVersionMenuItem_Tooltip>網站上有可用的更新版AntiDupl.NET-{0} !</MainMenu_NewVersionMenuItem_Tooltip>
  <SelectHotKeysForm_InvalidHotKeyToolTipText>此快速鍵已被其它程式所使用.</SelectHotKeysForm_InvalidHotKeyToolTipText>
  <LanguageMenuItem_Text>語言</LanguageMenuItem_Text>
  <OrientationMenuItem_Text>方向</OrientationMenuItem_Text>
  <OrientationMenuItem_VerticalMenuItem_Text>垂直</OrientationMenuItem_VerticalMenuItem_Text>
  <OrientationMenuItem_HorizontalMenuItem_Text>水平</OrientationMenuItem_HorizontalMenuItem_Text>
  <ImagePreviewContextMenu_CopyPathItem_Text>複製路徑</ImagePreviewContextMenu_CopyPathItem_Text>
  <ImagePreviewContextMenu_OpenImageItem_Text>開啟圖片</ImagePreviewContextMenu_OpenImageItem_Text>
  <ImagePreviewContextMenu_OpenFolderItem_Text>開啟圖片所在資料夾</ImagePreviewContextMenu_OpenFolderItem_Text>
  <ImagePreviewContextMenu_RenameImageItem_Text>重新命名圖片</ImagePreviewContextMenu_RenameImageItem_Text>
  <ImagePreviewContextMenu_MoveImageToNeighbourItem_Text>移動圖像到鄰居</ImagePreviewContextMenu_MoveImageToNeighbourItem_Text>
</Strings>