{"Camera_MoveXNegative":{"keyCode":324,"modifiers":0},"Camera_MoveXPositive":{"keyCode":326,"modifiers":0},"Camera_MoveYNegative":{"keyCode":329,"modifiers":0},"Camera_MoveYPositive":{"keyCode":327,"modifiers":0},"Camera_MoveZNegative":{"keyCode":322,"modifiers":0},"Camera_MoveZPositive":{"keyCode":328,"modifiers":0},"Camera_OrthoPerspective":{"keyCode":325,"modifiers":0},"Camera_RotateX45Negative":{"keyCode":323,"modifiers":0},"Camera_RotateX45Positive":{"keyCode":321,"modifiers":0},"Camera_RotateY45Negative":{"keyCode":330,"modifiers":0},"Camera_RotateY45Positive":{"keyCode":320,"modifiers":0},"EditMode_Cinematic":{"keyCode":298,"modifiers":0},"EditMode_Color":{"keyCode":295,"modifiers":0},"EditMode_Gat":{"keyCode":294,"modifiers":0},"EditMode_Height":{"keyCode":290,"modifiers":0},"EditMode_Object":{"keyCode":292,"modifiers":0},"EditMode_Shadow":{"keyCode":296,"modifiers":0},"EditMode_Sprite":{"keyCode":297,"modifiers":0},"EditMode_Texture":{"keyCode":291,"modifiers":0},"EditMode_Wall":{"keyCode":293,"modifiers":0},"GatEdit_NextTileType":{"keyCode":91,"modifiers":0},"GatEdit_PrevTileType":{"keyCode":93,"modifiers":0},"GatEdit_Tile0":{"keyCode":49,"modifiers":0},"GatEdit_Tile1":{"keyCode":50,"modifiers":0},"GatEdit_Tile2":{"keyCode":51,"modifiers":0},"GatEdit_Tile3":{"keyCode":52,"modifiers":0},"GatEdit_Tile4":{"keyCode":53,"modifiers":0},"GatEdit_Tile5":{"keyCode":54,"modifiers":0},"GatEdit_Tile6":{"keyCode":55,"modifiers":0},"GatEdit_Tile7":{"keyCode":56,"modifiers":0},"GatEdit_Tile8":{"keyCode":57,"modifiers":0},"GatEdit_Tile9":{"keyCode":48,"modifiers":0},"GatEdit_AdjustToGround":{"keyCode":32,"modifiers":1},"Global_CalculateLightmaps":{"keyCode":76,"modifiers":1},"Global_CalculateQuadtree":{"keyCode":81,"modifiers":1},"Global_Copy":{"keyCode":67,"modifiers":1},"Global_Exit":{"keyCode":27,"modifiers":0},"Global_HotkeyPopup":{"keyCode":32,"modifiers":0},"Global_Load":{"keyCode":79,"modifiers":1},"Global_New":{"keyCode":78,"modifiers":1},"Global_Paste":{"keyCode":86,"modifiers":1},"Global_PasteChangeHeight":{"keyCode":86,"modifiers":0},"Global_Redo":{"keyCode":90,"modifiers":3},"Global_ReloadModels":{"keyCode":82,"modifiers":2},"Global_ReloadTextures":{"keyCode":82,"modifiers":1},"Global_Save":{"keyCode":83,"modifiers":1},"Global_Settings":{"keyCode":80,"modifiers":1},"Global_Undo":{"keyCode":90,"modifiers":1},"ObjectEdit_CreatePrefab":{"keyCode":0,"modifiers":0},"ObjectEdit_Delete":{"keyCode":261,"modifiers":0},"ObjectEdit_FlipHorizontal":{"keyCode":72,"modifiers":0},"ObjectEdit_FlipVertical":{"keyCode":86,"modifiers":0},"ObjectEdit_FocusOnSelection":{"keyCode":70,"modifiers":0},"ObjectEdit_HighlightInObjectPicker":{"keyCode":0,"modifiers":0},"ObjectEdit_InvertScaleX":{"keyCode":88,"modifiers":0},"ObjectEdit_InvertScaleY":{"keyCode":89,"modifiers":0},"ObjectEdit_InvertScaleZ":{"keyCode":90,"modifiers":0},"ObjectEdit_InvertSelection":{"keyCode":73,"modifiers":1},"ObjectEdit_Move":{"keyCode":49,"modifiers":0},"ObjectEdit_NudgeXNeg":{"keyCode":263,"modifiers":0},"ObjectEdit_NudgeXPos":{"keyCode":262,"modifiers":0},"ObjectEdit_NudgeYNeg":{"keyCode":0,"modifiers":0},"ObjectEdit_NudgeYPos":{"keyCode":0,"modifiers":0},"ObjectEdit_NudgeZNeg":{"keyCode":265,"modifiers":0},"ObjectEdit_NudgeZPos":{"keyCode":264,"modifiers":0},"ObjectEdit_RotXNeg":{"keyCode":0,"modifiers":0},"ObjectEdit_RotXPos":{"keyCode":0,"modifiers":0},"ObjectEdit_RotYNeg":{"keyCode":0,"modifiers":0},"ObjectEdit_RotYPos":{"keyCode":0,"modifiers":0},"ObjectEdit_RotZNeg":{"keyCode":0,"modifiers":0},"ObjectEdit_RotZPos":{"keyCode":0,"modifiers":0},"ObjectEdit_Rotate":{"keyCode":50,"modifiers":0},"ObjectEdit_Scale":{"keyCode":51,"modifiers":0},"ObjectEdit_SelectAll":{"keyCode":65,"modifiers":1},"ObjectEdit_SelectAllEffects":{"keyCode":0,"modifiers":0},"ObjectEdit_SelectAllLights":{"keyCode":0,"modifiers":0},"ObjectEdit_SelectAllModels":{"keyCode":0,"modifiers":0},"ObjectEdit_SelectAllSounds":{"keyCode":0,"modifiers":0},"ObjectEdit_ToggleObjectWindow":{"keyCode":0,"modifiers":0},"TextureEdit_SwapBrushSize":{"keyCode":0,"modifiers":0},"TextureEdit_ToggleTextureWindow":{"keyCode":0,"modifiers":0},"Texture_NextTexture":{"keyCode":93,"modifiers":0},"Texture_PrevTexture":{"keyCode":91,"modifiers":0},"Texture_SelectFull":{"keyCode":70,"modifiers":0},"Texture_Delete":{"keyCode":259,"modifiers":0},"View_ColorMap":{"keyCode":0,"modifiers":0},"View_EmptyTiles":{"keyCode":0,"modifiers":0},"View_GatTiles":{"keyCode":0,"modifiers":0},"View_Lighting":{"keyCode":0,"modifiers":0},"View_Models":{"keyCode":77,"modifiers":0},"View_ShadowMap":{"keyCode":0,"modifiers":0},"View_SmoothColormap":{"keyCode":0,"modifiers":0},"View_Textures":{"keyCode":0,"modifiers":0},"View_TileColors":{"keyCode":0,"modifiers":0},"WallEdit_AddWall":{"keyCode":334,"modifiers":0},"WallEdit_OffsetLower":{"keyCode":263,"modifiers":0},"WallEdit_OffsetRaise":{"keyCode":262,"modifiers":0},"WallEdit_Preview":{"keyCode":80,"modifiers":0},"WallEdit_ReApply":{"keyCode":65,"modifiers":0},"WallEdit_RemoveWall":{"keyCode":333,"modifiers":0},"WallEdit_SizeLower":{"keyCode":263,"modifiers":2},"WallEdit_SizeRaise":{"keyCode":262,"modifiers":2}}